timestamp,error_count,error_type,severity,service
2025-07-17 14:12:51.558870,3,ValidationError,CRITICAL,auth
2025-07-17 14:27:51.558870,0,ValidationError,HIGH,database
2025-07-17 14:42:51.558870,1,AuthError,HIGH,web
2025-07-17 14:57:51.558870,0,ConnectionError,LOW,web
2025-07-17 15:12:51.558870,2,ConnectionError,CRITICAL,web
2025-07-17 15:27:51.558870,2,ConnectionError,CRITICAL,api
2025-07-17 15:42:51.558870,2,ValidationError,HIGH,auth
2025-07-17 15:57:51.558870,2,ValidationError,MEDIUM,auth
2025-07-17 16:12:51.558870,2,AuthError,MEDIUM,api
2025-07-17 16:27:51.558870,0,TimeoutError,MEDIUM,auth
2025-07-17 16:42:51.558870,3,ValidationError,LOW,api
2025-07-17 16:57:51.558870,1,AuthError,HIGH,cache
2025-07-17 17:12:51.558870,1,ConnectionError,LOW,api
2025-07-17 17:27:51.558870,1,ValidationError,LOW,web
2025-07-17 17:42:51.558870,2,ConnectionError,CRITICAL,api
2025-07-17 17:57:51.558870,3,TimeoutError,CRITICAL,web
2025-07-17 18:12:51.558870,5,ConnectionError,LOW,web
2025-07-17 18:27:51.558870,1,TimeoutError,MEDIUM,api
2025-07-17 18:42:51.558870,2,ValidationError,LOW,database
2025-07-17 18:57:51.558870,2,ConnectionError,CRITICAL,cache
2025-07-17 19:12:51.558870,3,TimeoutError,LOW,api
2025-07-17 19:27:51.558870,3,ValidationError,LOW,api
2025-07-17 19:42:51.558870,0,TimeoutError,MEDIUM,auth
2025-07-17 19:57:51.558870,1,ValidationError,LOW,auth
2025-07-17 20:12:51.558870,0,ValidationError,LOW,database
2025-07-17 20:27:51.558870,1,ConnectionError,LOW,database
2025-07-17 20:42:51.558870,1,ValidationError,LOW,web
2025-07-17 20:57:51.558870,2,AuthError,MEDIUM,auth
2025-07-17 21:12:51.558870,4,ValidationError,LOW,api
2025-07-17 21:27:51.558870,1,AuthError,LOW,web
2025-07-17 21:42:51.558870,2,ValidationError,LOW,api
2025-07-17 21:57:51.558870,4,AuthError,HIGH,cache
2025-07-17 22:12:51.558870,2,AuthError,HIGH,auth
2025-07-17 22:27:51.558870,1,ConnectionError,MEDIUM,api
2025-07-17 22:42:51.558870,0,TimeoutError,LOW,web
2025-07-17 22:57:51.558870,2,AuthError,LOW,web
2025-07-17 23:12:51.558870,3,ValidationError,LOW,api
2025-07-17 23:27:51.558870,0,ConnectionError,CRITICAL,database
2025-07-17 23:42:51.558870,2,TimeoutError,LOW,cache
2025-07-17 23:57:51.558870,3,ValidationError,MEDIUM,cache
2025-07-18 00:12:51.558870,1,ValidationError,CRITICAL,cache
2025-07-18 00:27:51.558870,1,ConnectionError,HIGH,api
2025-07-18 00:42:51.558870,2,ValidationError,HIGH,api
2025-07-18 00:57:51.558870,0,ValidationError,LOW,cache
2025-07-18 01:12:51.558870,0,ValidationError,LOW,cache
2025-07-18 01:27:51.558870,0,AuthError,LOW,web
2025-07-18 01:42:51.558870,2,TimeoutError,LOW,cache
2025-07-18 01:57:51.558870,1,AuthError,CRITICAL,api
2025-07-18 02:12:51.558870,1,ConnectionError,LOW,database
2025-07-18 02:27:51.558870,2,TimeoutError,LOW,database
2025-07-18 02:42:51.558870,2,ConnectionError,LOW,auth
2025-07-18 02:57:51.558870,1,AuthError,HIGH,auth
2025-07-18 03:12:51.558870,2,AuthError,HIGH,auth
2025-07-18 03:27:51.558870,3,ConnectionError,MEDIUM,auth
2025-07-18 03:42:51.558870,2,TimeoutError,HIGH,auth
2025-07-18 03:57:51.558870,0,TimeoutError,LOW,database
2025-07-18 04:12:51.558870,4,ValidationError,MEDIUM,cache
2025-07-18 04:27:51.558870,1,TimeoutError,CRITICAL,web
2025-07-18 04:42:51.558870,2,TimeoutError,HIGH,api
2025-07-18 04:57:51.558870,4,ConnectionError,HIGH,database
2025-07-18 05:12:51.558870,3,ConnectionError,CRITICAL,auth
2025-07-18 05:27:51.558870,2,ConnectionError,MEDIUM,api
2025-07-18 05:42:51.558870,0,AuthError,HIGH,database
2025-07-18 05:57:51.558870,1,ValidationError,LOW,web
2025-07-18 06:12:51.558870,2,ConnectionError,LOW,cache
2025-07-18 06:27:51.558870,4,ConnectionError,MEDIUM,api
2025-07-18 06:42:51.558870,1,ValidationError,LOW,cache
2025-07-18 06:57:51.558870,0,TimeoutError,CRITICAL,api
2025-07-18 07:12:51.558870,1,TimeoutError,MEDIUM,api
2025-07-18 07:27:51.558870,2,TimeoutError,MEDIUM,auth
2025-07-18 07:42:51.558870,3,TimeoutError,MEDIUM,database
2025-07-18 07:57:51.558870,2,ValidationError,HIGH,api
2025-07-18 08:12:51.558870,0,AuthError,LOW,api
2025-07-18 08:27:51.558870,2,TimeoutError,MEDIUM,api
2025-07-18 08:42:51.558870,1,ValidationError,LOW,api
2025-07-18 08:57:51.558870,2,AuthError,LOW,web
2025-07-18 09:12:51.558870,0,AuthError,HIGH,auth
2025-07-18 09:27:51.558870,2,TimeoutError,MEDIUM,auth
2025-07-18 09:42:51.558870,1,AuthError,LOW,web
2025-07-18 09:57:51.558870,2,AuthError,MEDIUM,database
2025-07-18 10:12:51.558870,3,ValidationError,HIGH,web
2025-07-18 10:27:51.558870,2,AuthError,LOW,cache
2025-07-18 10:42:51.558870,2,ValidationError,LOW,cache
2025-07-18 10:57:51.558870,1,ValidationError,HIGH,api
2025-07-18 11:12:51.558870,2,ValidationError,HIGH,web
2025-07-18 11:27:51.558870,1,ValidationError,LOW,cache
2025-07-18 11:42:51.558870,1,TimeoutError,HIGH,cache
2025-07-18 11:57:51.558870,3,TimeoutError,LOW,cache
2025-07-18 12:12:51.558870,3,ConnectionError,LOW,auth
2025-07-18 12:27:51.558870,2,TimeoutError,LOW,api
2025-07-18 12:42:51.558870,4,ConnectionError,LOW,web
2025-07-18 12:57:51.558870,5,TimeoutError,MEDIUM,web
2025-07-18 13:12:51.558870,6,AuthError,LOW,api
2025-07-18 13:27:51.558870,4,AuthError,LOW,web
2025-07-18 13:42:51.558870,0,ValidationError,MEDIUM,database
2025-07-18 13:57:51.558870,2,ConnectionError,LOW,cache
2025-07-18 14:12:51.558870,3,AuthError,HIGH,database
2025-07-18 14:27:51.558870,1,TimeoutError,LOW,auth
2025-07-18 14:42:51.558870,1,TimeoutError,HIGH,auth
2025-07-18 14:57:51.558870,2,ValidationError,HIGH,database
2025-07-18 15:12:51.558870,2,TimeoutError,LOW,database
2025-07-18 15:27:51.558870,0,ConnectionError,LOW,cache
2025-07-18 15:42:51.558870,1,AuthError,LOW,api
2025-07-18 15:57:51.558870,1,TimeoutError,HIGH,database
2025-07-18 16:12:51.558870,2,ValidationError,HIGH,database
2025-07-18 16:27:51.558870,4,ValidationError,HIGH,cache
2025-07-18 16:42:51.558870,4,TimeoutError,HIGH,web
2025-07-18 16:57:51.558870,1,AuthError,MEDIUM,web
2025-07-18 17:12:51.558870,4,AuthError,MEDIUM,database
2025-07-18 17:27:51.558870,5,ValidationError,HIGH,api
2025-07-18 17:42:51.558870,0,TimeoutError,LOW,database
2025-07-18 17:57:51.558870,2,AuthError,MEDIUM,api
2025-07-18 18:12:51.558870,0,TimeoutError,MEDIUM,web
2025-07-18 18:27:51.558870,2,ConnectionError,MEDIUM,cache
2025-07-18 18:42:51.558870,5,TimeoutError,HIGH,api
2025-07-18 18:57:51.558870,0,ConnectionError,CRITICAL,web
2025-07-18 19:12:51.558870,5,ValidationError,HIGH,database
2025-07-18 19:27:51.558870,1,TimeoutError,HIGH,web
2025-07-18 19:42:51.558870,2,TimeoutError,LOW,web
2025-07-18 19:57:51.558870,1,ConnectionError,LOW,cache
2025-07-18 20:12:51.558870,0,TimeoutError,MEDIUM,api
2025-07-18 20:27:51.558870,4,ConnectionError,LOW,api
2025-07-18 20:42:51.558870,2,ValidationError,MEDIUM,api
2025-07-18 20:57:51.558870,2,TimeoutError,MEDIUM,auth
2025-07-18 21:12:51.558870,1,TimeoutError,LOW,database
2025-07-18 21:27:51.558870,1,AuthError,MEDIUM,api
2025-07-18 21:42:51.558870,1,AuthError,LOW,auth
2025-07-18 21:57:51.558870,4,ConnectionError,MEDIUM,api
2025-07-18 22:12:51.558870,1,TimeoutError,MEDIUM,auth
2025-07-18 22:27:51.558870,1,ValidationError,MEDIUM,api
2025-07-18 22:42:51.558870,2,TimeoutError,HIGH,auth
2025-07-18 22:57:51.558870,2,AuthError,CRITICAL,auth
2025-07-18 23:12:51.558870,3,TimeoutError,HIGH,web
2025-07-18 23:27:51.558870,2,ConnectionError,HIGH,web
2025-07-18 23:42:51.558870,3,ConnectionError,LOW,web
2025-07-18 23:57:51.558870,3,ValidationError,LOW,database
2025-07-19 00:12:51.558870,4,ValidationError,MEDIUM,auth
2025-07-19 00:27:51.558870,2,AuthError,MEDIUM,database
2025-07-19 00:42:51.558870,1,ConnectionError,MEDIUM,web
2025-07-19 00:57:51.558870,4,TimeoutError,MEDIUM,web
2025-07-19 01:12:51.558870,2,AuthError,HIGH,cache
2025-07-19 01:27:51.558870,1,TimeoutError,MEDIUM,database
2025-07-19 01:42:51.558870,1,AuthError,MEDIUM,cache
2025-07-19 01:57:51.558870,1,ConnectionError,LOW,auth
2025-07-19 02:12:51.558870,2,ConnectionError,LOW,cache
2025-07-19 02:27:51.558870,3,ConnectionError,HIGH,database
2025-07-19 02:42:51.558870,6,ValidationError,LOW,auth
2025-07-19 02:57:51.558870,1,TimeoutError,LOW,database
2025-07-19 03:12:51.558870,3,ConnectionError,HIGH,auth
2025-07-19 03:27:51.558870,2,ValidationError,HIGH,api
2025-07-19 03:42:51.558870,1,ValidationError,MEDIUM,auth
2025-07-19 03:57:51.558870,1,TimeoutError,CRITICAL,auth
2025-07-19 04:12:51.558870,3,ValidationError,LOW,api
2025-07-19 04:27:51.558870,0,AuthError,MEDIUM,api
2025-07-19 04:42:51.558870,2,TimeoutError,HIGH,api
2025-07-19 04:57:51.558870,0,ValidationError,HIGH,database
2025-07-19 05:12:51.558870,0,ValidationError,LOW,web
2025-07-19 05:27:51.558870,4,ValidationError,CRITICAL,web
2025-07-19 05:42:51.558870,1,ConnectionError,LOW,api
2025-07-19 05:57:51.558870,2,AuthError,MEDIUM,web
2025-07-19 06:12:51.558870,1,AuthError,HIGH,database
2025-07-19 06:27:51.558870,2,AuthError,HIGH,cache
2025-07-19 06:42:51.558870,1,ConnectionError,LOW,database
2025-07-19 06:57:51.558870,3,AuthError,CRITICAL,auth
2025-07-19 07:12:51.558870,5,TimeoutError,MEDIUM,api
2025-07-19 07:27:51.558870,1,ConnectionError,MEDIUM,auth
2025-07-19 07:42:51.558870,1,AuthError,MEDIUM,api
2025-07-19 07:57:51.558870,2,ConnectionError,LOW,database
2025-07-19 08:12:51.558870,1,AuthError,HIGH,auth
2025-07-19 08:27:51.558870,3,ConnectionError,MEDIUM,database
2025-07-19 08:42:51.558870,2,TimeoutError,LOW,database
2025-07-19 08:57:51.558870,3,ValidationError,LOW,database
2025-07-19 09:12:51.558870,1,ValidationError,LOW,api
2025-07-19 09:27:51.558870,2,AuthError,MEDIUM,auth
2025-07-19 09:42:51.558870,2,ValidationError,LOW,database
2025-07-19 09:57:51.558870,1,ValidationError,LOW,cache
2025-07-19 10:12:51.558870,4,AuthError,LOW,api
2025-07-19 10:27:51.558870,2,TimeoutError,HIGH,api
2025-07-19 10:42:51.558870,2,AuthError,LOW,cache
2025-07-19 10:57:51.558870,3,ConnectionError,MEDIUM,cache
2025-07-19 11:12:51.558870,2,AuthError,MEDIUM,web
2025-07-19 11:27:51.558870,0,AuthError,MEDIUM,auth
2025-07-19 11:42:51.558870,0,TimeoutError,MEDIUM,api
2025-07-19 11:57:51.558870,3,ValidationError,LOW,web
2025-07-19 12:12:51.558870,3,ConnectionError,LOW,cache
2025-07-19 12:27:51.558870,1,ConnectionError,HIGH,cache
2025-07-19 12:42:51.558870,2,AuthError,LOW,cache
2025-07-19 12:57:51.558870,1,TimeoutError,MEDIUM,web
2025-07-19 13:12:51.558870,1,TimeoutError,LOW,web
2025-07-19 13:27:51.558870,2,AuthError,LOW,database
2025-07-19 13:42:51.558870,1,ConnectionError,MEDIUM,api
2025-07-19 13:57:51.558870,3,ValidationError,MEDIUM,api
2025-07-19 14:12:51.558870,6,AuthError,MEDIUM,cache
2025-07-19 14:27:51.558870,2,ValidationError,LOW,auth
2025-07-19 14:42:51.558870,0,ConnectionError,LOW,auth
2025-07-19 14:57:51.558870,2,TimeoutError,CRITICAL,api
2025-07-19 15:12:51.558870,2,TimeoutError,LOW,auth
2025-07-19 15:27:51.558870,2,AuthError,LOW,cache
2025-07-19 15:42:51.558870,2,ValidationError,LOW,auth
2025-07-19 15:57:51.558870,5,ConnectionError,LOW,cache
2025-07-19 16:12:51.558870,0,AuthError,HIGH,database
2025-07-19 16:27:51.558870,5,TimeoutError,LOW,api
2025-07-19 16:42:51.558870,4,ValidationError,LOW,web
2025-07-19 16:57:51.558870,1,ValidationError,LOW,auth
2025-07-19 17:12:51.558870,1,AuthError,MEDIUM,auth
2025-07-19 17:27:51.558870,3,ConnectionError,LOW,database
2025-07-19 17:42:51.558870,1,ConnectionError,LOW,web
2025-07-19 17:57:51.558870,1,ConnectionError,LOW,web
2025-07-19 18:12:51.558870,3,TimeoutError,LOW,auth
2025-07-19 18:27:51.558870,6,AuthError,MEDIUM,api
2025-07-19 18:42:51.558870,1,TimeoutError,MEDIUM,api
2025-07-19 18:57:51.558870,4,ConnectionError,LOW,database
2025-07-19 19:12:51.558870,1,ValidationError,LOW,database
2025-07-19 19:27:51.558870,3,ValidationError,MEDIUM,auth
2025-07-19 19:42:51.558870,1,TimeoutError,HIGH,database
2025-07-19 19:57:51.558870,1,AuthError,LOW,auth
2025-07-19 20:12:51.558870,3,ValidationError,LOW,database
2025-07-19 20:27:51.558870,2,TimeoutError,MEDIUM,api
2025-07-19 20:42:51.558870,0,AuthError,LOW,auth
2025-07-19 20:57:51.558870,1,ConnectionError,LOW,cache
2025-07-19 21:12:51.558870,4,TimeoutError,LOW,database
2025-07-19 21:27:51.558870,6,AuthError,LOW,cache
2025-07-19 21:42:51.558870,5,ValidationError,LOW,database
2025-07-19 21:57:51.558870,0,AuthError,HIGH,auth
2025-07-19 22:12:51.558870,2,AuthError,LOW,database
2025-07-19 22:27:51.558870,0,ValidationError,LOW,database
2025-07-19 22:42:51.558870,2,ConnectionError,CRITICAL,api
2025-07-19 22:57:51.558870,3,ValidationError,HIGH,web
2025-07-19 23:12:51.558870,1,AuthError,MEDIUM,api
2025-07-19 23:27:51.558870,1,AuthError,CRITICAL,cache
2025-07-19 23:42:51.558870,6,AuthError,LOW,database
2025-07-19 23:57:51.558870,2,AuthError,LOW,database
2025-07-20 00:12:51.558870,1,TimeoutError,MEDIUM,cache
2025-07-20 00:27:51.558870,4,ValidationError,LOW,cache
2025-07-20 00:42:51.558870,1,ConnectionError,MEDIUM,cache
2025-07-20 00:57:51.558870,1,AuthError,LOW,auth
2025-07-20 01:12:51.558870,3,TimeoutError,CRITICAL,cache
2025-07-20 01:27:51.558870,2,ConnectionError,HIGH,web
2025-07-20 01:42:51.558870,1,ConnectionError,MEDIUM,auth
2025-07-20 01:57:51.558870,0,ValidationError,HIGH,database
2025-07-20 02:12:51.558870,1,AuthError,LOW,database
2025-07-20 02:27:51.558870,0,AuthError,HIGH,cache
2025-07-20 02:42:51.558870,3,AuthError,MEDIUM,auth
2025-07-20 02:57:51.558870,2,ConnectionError,LOW,web
2025-07-20 03:12:51.558870,3,ConnectionError,LOW,api
2025-07-20 03:27:51.558870,0,AuthError,MEDIUM,api
2025-07-20 03:42:51.558870,4,TimeoutError,LOW,auth
2025-07-20 03:57:51.558870,0,TimeoutError,MEDIUM,web
2025-07-20 04:12:51.558870,1,ConnectionError,HIGH,auth
2025-07-20 04:27:51.558870,5,TimeoutError,MEDIUM,cache
2025-07-20 04:42:51.558870,3,AuthError,MEDIUM,web
2025-07-20 04:57:51.558870,4,ValidationError,MEDIUM,auth
2025-07-20 05:12:51.558870,0,ConnectionError,MEDIUM,database
2025-07-20 05:27:51.558870,3,TimeoutError,MEDIUM,api
2025-07-20 05:42:51.558870,2,ConnectionError,MEDIUM,database
2025-07-20 05:57:51.558870,1,ConnectionError,LOW,api
2025-07-20 06:12:51.558870,4,ConnectionError,MEDIUM,web
2025-07-20 06:27:51.558870,4,ValidationError,LOW,auth
2025-07-20 06:42:51.558870,1,ValidationError,HIGH,api
2025-07-20 06:57:51.558870,0,TimeoutError,HIGH,web
2025-07-20 07:12:51.558870,2,ValidationError,MEDIUM,auth
2025-07-20 07:27:51.558870,3,AuthError,LOW,database
2025-07-20 07:42:51.558870,4,TimeoutError,CRITICAL,database
2025-07-20 07:57:51.558870,1,ValidationError,CRITICAL,web
2025-07-20 08:12:51.558870,2,AuthError,HIGH,web
2025-07-20 08:27:51.558870,0,TimeoutError,HIGH,database
2025-07-20 08:42:51.558870,3,ValidationError,LOW,web
2025-07-20 08:57:51.558870,1,TimeoutError,MEDIUM,auth
2025-07-20 09:12:51.558870,1,TimeoutError,HIGH,auth
2025-07-20 09:27:51.558870,3,ConnectionError,CRITICAL,api
2025-07-20 09:42:51.558870,0,TimeoutError,LOW,auth
2025-07-20 09:57:51.558870,0,AuthError,LOW,database
2025-07-20 10:12:51.558870,1,ConnectionError,LOW,api
2025-07-20 10:27:51.558870,2,TimeoutError,LOW,auth
2025-07-20 10:42:51.558870,6,ValidationError,HIGH,cache
2025-07-20 10:57:51.558870,1,ConnectionError,CRITICAL,api
2025-07-20 11:12:51.558870,1,AuthError,LOW,api
2025-07-20 11:27:51.558870,0,AuthError,MEDIUM,database
2025-07-20 11:42:51.558870,0,ConnectionError,MEDIUM,cache
2025-07-20 11:57:51.558870,2,ConnectionError,MEDIUM,auth
2025-07-20 12:12:51.558870,3,ConnectionError,LOW,api
2025-07-20 12:27:51.558870,1,AuthError,MEDIUM,api
2025-07-20 12:42:51.558870,3,ValidationError,LOW,api
2025-07-20 12:57:51.558870,3,AuthError,LOW,web
2025-07-20 13:12:51.558870,3,ConnectionError,MEDIUM,database
2025-07-20 13:27:51.558870,2,ValidationError,LOW,web
2025-07-20 13:42:51.558870,4,AuthError,HIGH,web
2025-07-20 13:57:51.558870,3,TimeoutError,LOW,database
2025-07-20 14:12:51.558870,5,ValidationError,MEDIUM,cache
2025-07-20 14:27:51.558870,4,ValidationError,LOW,web
2025-07-20 14:42:51.558870,1,ConnectionError,LOW,cache
2025-07-20 14:57:51.558870,2,AuthError,MEDIUM,auth
2025-07-20 15:12:51.558870,2,ConnectionError,HIGH,auth
2025-07-20 15:27:51.558870,4,ConnectionError,HIGH,web
2025-07-20 15:42:51.558870,3,ValidationError,HIGH,database
2025-07-20 15:57:51.558870,1,TimeoutError,HIGH,cache
2025-07-20 16:12:51.558870,1,AuthError,MEDIUM,database
2025-07-20 16:27:51.558870,2,ValidationError,LOW,api
2025-07-20 16:42:51.558870,1,ConnectionError,MEDIUM,api
2025-07-20 16:57:51.558870,3,ConnectionError,MEDIUM,cache
2025-07-20 17:12:51.558870,2,ConnectionError,HIGH,web
2025-07-20 17:27:51.558870,1,TimeoutError,MEDIUM,database
2025-07-20 17:42:51.558870,1,ValidationError,HIGH,web
2025-07-20 17:57:51.558870,0,ValidationError,CRITICAL,web
2025-07-20 18:12:51.558870,1,TimeoutError,LOW,auth
2025-07-20 18:27:51.558870,1,TimeoutError,HIGH,cache
2025-07-20 18:42:51.558870,0,AuthError,LOW,database
2025-07-20 18:57:51.558870,5,ValidationError,LOW,api
2025-07-20 19:12:51.558870,2,TimeoutError,HIGH,cache
2025-07-20 19:27:51.558870,0,ValidationError,MEDIUM,cache
2025-07-20 19:42:51.558870,2,ConnectionError,LOW,auth
2025-07-20 19:57:51.558870,6,ConnectionError,LOW,database
2025-07-20 20:12:51.558870,3,AuthError,HIGH,cache
2025-07-20 20:27:51.558870,1,AuthError,MEDIUM,web
2025-07-20 20:42:51.558870,3,AuthError,LOW,auth
2025-07-20 20:57:51.558870,5,TimeoutError,HIGH,auth
2025-07-20 21:12:51.558870,2,TimeoutError,MEDIUM,auth
2025-07-20 21:27:51.558870,1,ConnectionError,CRITICAL,auth
2025-07-20 21:42:51.558870,1,TimeoutError,LOW,auth
2025-07-20 21:57:51.558870,3,ValidationError,LOW,cache
2025-07-20 22:12:51.558870,3,ValidationError,CRITICAL,web
2025-07-20 22:27:51.558870,4,AuthError,MEDIUM,auth
2025-07-20 22:42:51.558870,2,ConnectionError,LOW,cache
2025-07-20 22:57:51.558870,3,ConnectionError,LOW,cache
2025-07-20 23:12:51.558870,1,TimeoutError,MEDIUM,auth
2025-07-20 23:27:51.558870,3,ValidationError,CRITICAL,cache
2025-07-20 23:42:51.558870,0,TimeoutError,LOW,auth
2025-07-20 23:57:51.558870,2,TimeoutError,LOW,auth
2025-07-21 00:12:51.558870,1,ConnectionError,HIGH,api
2025-07-21 00:27:51.558870,1,TimeoutError,MEDIUM,api
2025-07-21 00:42:51.558870,1,ConnectionError,LOW,database
2025-07-21 00:57:51.558870,5,AuthError,MEDIUM,api
2025-07-21 01:12:51.558870,0,TimeoutError,LOW,api
2025-07-21 01:27:51.558870,1,AuthError,LOW,cache
2025-07-21 01:42:51.558870,0,ValidationError,CRITICAL,api
2025-07-21 01:57:51.558870,2,ConnectionError,LOW,api
2025-07-21 02:12:51.558870,0,ConnectionError,LOW,cache
2025-07-21 02:27:51.558870,2,ConnectionError,LOW,database
2025-07-21 02:42:51.558870,2,ConnectionError,MEDIUM,cache
2025-07-21 02:57:51.558870,4,ConnectionError,LOW,cache
2025-07-21 03:12:51.558870,0,ConnectionError,HIGH,database
2025-07-21 03:27:51.558870,2,ValidationError,LOW,api
2025-07-21 03:42:51.558870,0,AuthError,HIGH,cache
2025-07-21 03:57:51.558870,4,AuthError,MEDIUM,cache
2025-07-21 04:12:51.558870,3,ValidationError,MEDIUM,api
2025-07-21 04:27:51.558870,2,TimeoutError,LOW,cache
2025-07-21 04:42:51.558870,1,TimeoutError,LOW,api
2025-07-21 04:57:51.558870,3,TimeoutError,CRITICAL,web
2025-07-21 05:12:51.558870,2,TimeoutError,HIGH,cache
2025-07-21 05:27:51.558870,1,ConnectionError,HIGH,cache
2025-07-21 05:42:51.558870,3,ConnectionError,MEDIUM,api
2025-07-21 05:57:51.558870,1,ConnectionError,MEDIUM,web
2025-07-21 06:12:51.558870,3,TimeoutError,LOW,web
2025-07-21 06:27:51.558870,3,ValidationError,HIGH,database
2025-07-21 06:42:51.558870,4,TimeoutError,LOW,api
2025-07-21 06:57:51.558870,3,AuthError,MEDIUM,auth
2025-07-21 07:12:51.558870,4,TimeoutError,MEDIUM,cache
2025-07-21 07:27:51.558870,4,AuthError,MEDIUM,cache
2025-07-21 07:42:51.558870,0,ConnectionError,MEDIUM,database
2025-07-21 07:57:51.558870,4,ValidationError,LOW,auth
2025-07-21 08:12:51.558870,0,ConnectionError,HIGH,database
2025-07-21 08:27:51.558870,4,AuthError,CRITICAL,auth
2025-07-21 08:42:51.558870,1,TimeoutError,CRITICAL,api
2025-07-21 08:57:51.558870,1,ValidationError,MEDIUM,api
2025-07-21 09:12:51.558870,2,ConnectionError,LOW,api
2025-07-21 09:27:51.558870,2,ValidationError,LOW,web
2025-07-21 09:42:51.558870,2,ValidationError,LOW,database
2025-07-21 09:57:51.558870,3,TimeoutError,LOW,database
2025-07-21 10:12:51.558870,4,TimeoutError,HIGH,auth
2025-07-21 10:27:51.558870,4,AuthError,CRITICAL,auth
2025-07-21 10:42:51.558870,5,ConnectionError,LOW,auth
2025-07-21 10:57:51.558870,1,TimeoutError,MEDIUM,database
2025-07-21 11:12:51.558870,4,ConnectionError,LOW,database
2025-07-21 11:27:51.558870,0,AuthError,LOW,database
2025-07-21 11:42:51.558870,2,TimeoutError,CRITICAL,auth
2025-07-21 11:57:51.558870,1,ConnectionError,MEDIUM,api
2025-07-21 12:12:51.558870,1,AuthError,MEDIUM,auth
2025-07-21 12:27:51.558870,2,ValidationError,HIGH,database
2025-07-21 12:42:51.558870,1,ConnectionError,HIGH,api
2025-07-21 12:57:51.558870,0,TimeoutError,LOW,database
2025-07-21 13:12:51.558870,2,ValidationError,MEDIUM,web
2025-07-21 13:27:51.558870,1,AuthError,MEDIUM,cache
2025-07-21 13:42:51.558870,6,ValidationError,MEDIUM,auth
2025-07-21 13:57:51.558870,4,TimeoutError,MEDIUM,api
2025-07-21 14:12:51.558870,1,ConnectionError,LOW,api
2025-07-21 14:27:51.558870,0,ValidationError,LOW,database
2025-07-21 14:42:51.558870,2,ValidationError,MEDIUM,api
2025-07-21 14:57:51.558870,3,AuthError,HIGH,api
2025-07-21 15:12:51.558870,2,AuthError,MEDIUM,database
2025-07-21 15:27:51.558870,1,TimeoutError,MEDIUM,api
2025-07-21 15:42:51.558870,3,ConnectionError,LOW,database
2025-07-21 15:57:51.558870,1,AuthError,MEDIUM,api
2025-07-21 16:12:51.558870,1,TimeoutError,HIGH,web
2025-07-21 16:27:51.558870,0,AuthError,LOW,database
2025-07-21 16:42:51.558870,3,AuthError,LOW,api
2025-07-21 16:57:51.558870,3,ValidationError,MEDIUM,database
2025-07-21 17:12:51.558870,2,TimeoutError,MEDIUM,auth
2025-07-21 17:27:51.558870,1,TimeoutError,MEDIUM,api
2025-07-21 17:42:51.558870,2,TimeoutError,MEDIUM,web
2025-07-21 17:57:51.558870,2,TimeoutError,MEDIUM,auth
2025-07-21 18:12:51.558870,3,ValidationError,LOW,auth
2025-07-21 18:27:51.558870,2,ValidationError,MEDIUM,api
2025-07-21 18:42:51.558870,4,ConnectionError,LOW,database
2025-07-21 18:57:51.558870,5,TimeoutError,LOW,database
2025-07-21 19:12:51.558870,2,TimeoutError,HIGH,api
2025-07-21 19:27:51.558870,2,TimeoutError,LOW,auth
2025-07-21 19:42:51.558870,1,AuthError,HIGH,api
2025-07-21 19:57:51.558870,1,TimeoutError,HIGH,database
2025-07-21 20:12:51.558870,1,ConnectionError,MEDIUM,web
2025-07-21 20:27:51.558870,5,ConnectionError,LOW,auth
2025-07-21 20:42:51.558870,3,TimeoutError,MEDIUM,auth
2025-07-21 20:57:51.558870,3,ValidationError,LOW,api
2025-07-21 21:12:51.558870,3,ValidationError,MEDIUM,api
2025-07-21 21:27:51.558870,2,ValidationError,MEDIUM,api
2025-07-21 21:42:51.558870,2,AuthError,LOW,auth
2025-07-21 21:57:51.558870,1,ConnectionError,LOW,database
2025-07-21 22:12:51.558870,2,AuthError,HIGH,auth
2025-07-21 22:27:51.558870,0,ValidationError,LOW,api
2025-07-21 22:42:51.558870,4,ValidationError,LOW,auth
2025-07-21 22:57:51.558870,1,AuthError,HIGH,database
2025-07-21 23:12:51.558870,0,ConnectionError,LOW,database
2025-07-21 23:27:51.558870,2,ValidationError,HIGH,api
2025-07-21 23:42:51.558870,5,ValidationError,HIGH,api
2025-07-21 23:57:51.558870,0,AuthError,HIGH,auth
2025-07-22 00:12:51.558870,3,ValidationError,LOW,api
2025-07-22 00:27:51.558870,2,ValidationError,LOW,cache
2025-07-22 00:42:51.558870,2,TimeoutError,HIGH,database
2025-07-22 00:57:51.558870,2,TimeoutError,LOW,auth
2025-07-22 01:12:51.558870,0,ConnectionError,MEDIUM,cache
2025-07-22 01:27:51.558870,2,ConnectionError,HIGH,web
2025-07-22 01:42:51.558870,0,AuthError,LOW,database
2025-07-22 01:57:51.558870,2,AuthError,MEDIUM,api
2025-07-22 02:12:51.558870,3,ValidationError,LOW,database
2025-07-22 02:27:51.558870,2,ValidationError,LOW,database
2025-07-22 02:42:51.558870,0,ValidationError,LOW,auth
2025-07-22 02:57:51.558870,2,ConnectionError,MEDIUM,auth
2025-07-22 03:12:51.558870,0,ConnectionError,HIGH,auth
2025-07-22 03:27:51.558870,1,ValidationError,MEDIUM,auth
2025-07-22 03:42:51.558870,3,TimeoutError,MEDIUM,web
2025-07-22 03:57:51.558870,0,ConnectionError,LOW,cache
2025-07-22 04:12:51.558870,1,ValidationError,MEDIUM,web
2025-07-22 04:27:51.558870,3,TimeoutError,MEDIUM,web
2025-07-22 04:42:51.558870,2,ConnectionError,MEDIUM,cache
2025-07-22 04:57:51.558870,2,TimeoutError,LOW,web
2025-07-22 05:12:51.558870,4,ConnectionError,CRITICAL,database
2025-07-22 05:27:51.558870,1,TimeoutError,LOW,database
2025-07-22 05:42:51.558870,0,TimeoutError,HIGH,database
2025-07-22 05:57:51.558870,4,TimeoutError,CRITICAL,api
2025-07-22 06:12:51.558870,3,ConnectionError,HIGH,auth
2025-07-22 06:27:51.558870,1,ConnectionError,HIGH,web
2025-07-22 06:42:51.558870,1,ValidationError,MEDIUM,database
2025-07-22 06:57:51.558870,2,ValidationError,LOW,cache
2025-07-22 07:12:51.558870,1,TimeoutError,LOW,database
2025-07-22 07:27:51.558870,4,ValidationError,CRITICAL,database
2025-07-22 07:42:51.558870,1,TimeoutError,MEDIUM,api
2025-07-22 07:57:51.558870,4,ValidationError,MEDIUM,cache
2025-07-22 08:12:51.558870,4,AuthError,MEDIUM,database
2025-07-22 08:27:51.558870,0,ValidationError,LOW,api
2025-07-22 08:42:51.558870,0,ValidationError,LOW,auth
2025-07-22 08:57:51.558870,1,ValidationError,HIGH,cache
2025-07-22 09:12:51.558870,4,ConnectionError,HIGH,cache
2025-07-22 09:27:51.558870,4,ValidationError,MEDIUM,database
2025-07-22 09:42:51.558870,3,TimeoutError,LOW,web
2025-07-22 09:57:51.558870,2,AuthError,MEDIUM,web
2025-07-22 10:12:51.558870,0,AuthError,HIGH,database
2025-07-22 10:27:51.558870,2,TimeoutError,MEDIUM,web
2025-07-22 10:42:51.558870,4,TimeoutError,LOW,database
2025-07-22 10:57:51.558870,3,TimeoutError,LOW,web
2025-07-22 11:12:51.558870,4,ValidationError,CRITICAL,api
2025-07-22 11:27:51.558870,1,ValidationError,HIGH,api
2025-07-22 11:42:51.558870,3,AuthError,HIGH,database
2025-07-22 11:57:51.558870,1,TimeoutError,CRITICAL,database
2025-07-22 12:12:51.558870,2,AuthError,LOW,database
2025-07-22 12:27:51.558870,0,ValidationError,LOW,web
2025-07-22 12:42:51.558870,3,AuthError,MEDIUM,web
2025-07-22 12:57:51.558870,1,AuthError,CRITICAL,database
2025-07-22 13:12:51.558870,1,AuthError,HIGH,auth
2025-07-22 13:27:51.558870,2,TimeoutError,LOW,web
2025-07-22 13:42:51.558870,2,ConnectionError,LOW,auth
2025-07-22 13:57:51.558870,0,TimeoutError,LOW,database
2025-07-22 14:12:51.558870,42,AuthError,MEDIUM,auth
2025-07-22 14:27:51.558870,48,ValidationError,LOW,web
2025-07-22 14:42:51.558870,8,AuthError,LOW,web
2025-07-22 14:57:51.558870,8,TimeoutError,MEDIUM,cache
2025-07-22 15:12:51.558870,20,ValidationError,LOW,database
2025-07-22 15:27:51.558870,5,ValidationError,LOW,cache
2025-07-22 15:42:51.558870,0,ValidationError,MEDIUM,api
2025-07-22 15:57:51.558870,50,ValidationError,HIGH,api
2025-07-22 16:12:51.558870,28,ConnectionError,LOW,database
2025-07-22 16:27:51.558870,70,ConnectionError,LOW,api
2025-07-22 16:42:51.558870,15,AuthError,HIGH,database
2025-07-22 16:57:51.558870,6,AuthError,MEDIUM,database
2025-07-22 17:12:51.558870,2,ConnectionError,MEDIUM,web
2025-07-22 17:27:51.558870,1,ConnectionError,CRITICAL,web
2025-07-22 17:42:51.558870,0,TimeoutError,LOW,web
2025-07-22 17:57:51.558870,5,TimeoutError,HIGH,auth
2025-07-22 18:12:51.558870,0,TimeoutError,MEDIUM,database
2025-07-22 18:27:51.558870,1,TimeoutError,MEDIUM,auth
2025-07-22 18:42:51.558870,1,ValidationError,MEDIUM,auth
2025-07-22 18:57:51.558870,1,TimeoutError,CRITICAL,cache
2025-07-22 19:12:51.558870,2,TimeoutError,CRITICAL,database
2025-07-22 19:27:51.558870,4,ConnectionError,LOW,web
2025-07-22 19:42:51.558870,1,AuthError,HIGH,cache
2025-07-22 19:57:51.558870,5,ValidationError,MEDIUM,api
2025-07-22 20:12:51.558870,1,ConnectionError,MEDIUM,database
2025-07-22 20:27:51.558870,1,ValidationError,CRITICAL,auth
2025-07-22 20:42:51.558870,1,AuthError,MEDIUM,database
2025-07-22 20:57:51.558870,4,TimeoutError,LOW,database
2025-07-22 21:12:51.558870,0,TimeoutError,CRITICAL,auth
2025-07-22 21:27:51.558870,2,TimeoutError,MEDIUM,cache
2025-07-22 21:42:51.558870,1,ValidationError,HIGH,cache
2025-07-22 21:57:51.558870,1,TimeoutError,MEDIUM,web
2025-07-22 22:12:51.558870,3,ValidationError,LOW,api
2025-07-22 22:27:51.558870,5,TimeoutError,CRITICAL,api
2025-07-22 22:42:51.558870,1,AuthError,MEDIUM,web
2025-07-22 22:57:51.558870,2,ValidationError,HIGH,auth
2025-07-22 23:12:51.558870,2,TimeoutError,MEDIUM,database
2025-07-22 23:27:51.558870,2,AuthError,MEDIUM,auth
2025-07-22 23:42:51.558870,1,AuthError,LOW,auth
2025-07-22 23:57:51.558870,0,ValidationError,LOW,database
2025-07-23 00:12:51.558870,0,ConnectionError,MEDIUM,auth
2025-07-23 00:27:51.558870,1,TimeoutError,HIGH,database
2025-07-23 00:42:51.558870,2,TimeoutError,HIGH,cache
2025-07-23 00:57:51.558870,1,AuthError,MEDIUM,database
2025-07-23 01:12:51.558870,1,TimeoutError,LOW,api
2025-07-23 01:27:51.558870,3,TimeoutError,HIGH,cache
2025-07-23 01:42:51.558870,2,TimeoutError,LOW,cache
2025-07-23 01:57:51.558870,1,ValidationError,HIGH,cache
2025-07-23 02:12:51.558870,3,TimeoutError,LOW,cache
2025-07-23 02:27:51.558870,1,ConnectionError,LOW,database
2025-07-23 02:42:51.558870,0,ConnectionError,MEDIUM,web
2025-07-23 02:57:51.558870,2,TimeoutError,MEDIUM,web
2025-07-23 03:12:51.558870,3,ValidationError,HIGH,api
2025-07-23 03:27:51.558870,1,ConnectionError,MEDIUM,web
2025-07-23 03:42:51.558870,1,ValidationError,HIGH,web
2025-07-23 03:57:51.558870,3,ConnectionError,MEDIUM,cache
2025-07-23 04:12:51.558870,2,AuthError,MEDIUM,database
2025-07-23 04:27:51.558870,2,AuthError,MEDIUM,database
2025-07-23 04:42:51.558870,2,ConnectionError,HIGH,database
2025-07-23 04:57:51.558870,1,ValidationError,LOW,api
2025-07-23 05:12:51.558870,3,ValidationError,LOW,api
2025-07-23 05:27:51.558870,4,AuthError,HIGH,cache
2025-07-23 05:42:51.558870,2,ValidationError,LOW,database
2025-07-23 05:57:51.558870,0,TimeoutError,MEDIUM,auth
2025-07-23 06:12:51.558870,2,AuthError,MEDIUM,auth
2025-07-23 06:27:51.558870,2,ValidationError,LOW,api
2025-07-23 06:42:51.558870,5,ConnectionError,LOW,database
2025-07-23 06:57:51.558870,2,TimeoutError,LOW,cache
2025-07-23 07:12:51.558870,0,ValidationError,LOW,database
2025-07-23 07:27:51.558870,0,TimeoutError,MEDIUM,cache
2025-07-23 07:42:51.558870,1,ConnectionError,HIGH,auth
2025-07-23 07:57:51.558870,2,ValidationError,MEDIUM,web
2025-07-23 08:12:51.558870,3,AuthError,MEDIUM,auth
2025-07-23 08:27:51.558870,1,AuthError,LOW,database
2025-07-23 08:42:51.558870,2,ConnectionError,MEDIUM,cache
2025-07-23 08:57:51.558870,1,TimeoutError,LOW,api
2025-07-23 09:12:51.558870,0,AuthError,HIGH,web
2025-07-23 09:27:51.558870,2,ValidationError,HIGH,api
2025-07-23 09:42:51.558870,2,ConnectionError,LOW,auth
2025-07-23 09:57:51.558870,2,ConnectionError,HIGH,cache
2025-07-23 10:12:51.558870,0,ValidationError,LOW,auth
2025-07-23 10:27:51.558870,2,ConnectionError,CRITICAL,database
2025-07-23 10:42:51.558870,1,AuthError,HIGH,api
2025-07-23 10:57:51.558870,0,ConnectionError,HIGH,database
2025-07-23 11:12:51.558870,1,AuthError,LOW,auth
2025-07-23 11:27:51.558870,1,TimeoutError,MEDIUM,auth
2025-07-23 11:42:51.558870,1,AuthError,CRITICAL,auth
2025-07-23 11:57:51.558870,1,TimeoutError,LOW,web
2025-07-23 12:12:51.558870,2,AuthError,LOW,database
2025-07-23 12:27:51.558870,5,ValidationError,LOW,cache
2025-07-23 12:42:51.558870,5,ConnectionError,LOW,cache
2025-07-23 12:57:51.558870,5,ValidationError,HIGH,web
2025-07-23 13:12:51.558870,2,ValidationError,LOW,web
2025-07-23 13:27:51.558870,2,ConnectionError,HIGH,api
2025-07-23 13:42:51.558870,1,TimeoutError,CRITICAL,api
2025-07-23 13:57:51.558870,2,ConnectionError,LOW,api
2025-07-23 14:12:51.558870,1,ValidationError,MEDIUM,cache
2025-07-23 14:27:51.558870,3,TimeoutError,HIGH,api
2025-07-23 14:42:51.558870,3,AuthError,LOW,database
2025-07-23 14:57:51.558870,1,TimeoutError,MEDIUM,auth
2025-07-23 15:12:51.558870,3,AuthError,HIGH,auth
2025-07-23 15:27:51.558870,2,TimeoutError,LOW,database
2025-07-23 15:42:51.558870,0,AuthError,CRITICAL,api
2025-07-23 15:57:51.558870,5,AuthError,LOW,cache
2025-07-23 16:12:51.558870,1,TimeoutError,MEDIUM,database
2025-07-23 16:27:51.558870,4,ValidationError,MEDIUM,web
2025-07-23 16:42:51.558870,8,TimeoutError,LOW,cache
2025-07-23 16:57:51.558870,1,ConnectionError,LOW,auth
2025-07-23 17:12:51.558870,1,ValidationError,LOW,auth
2025-07-23 17:27:51.558870,3,AuthError,HIGH,auth
2025-07-23 17:42:51.558870,2,ValidationError,LOW,cache
2025-07-23 17:57:51.558870,0,AuthError,CRITICAL,cache
2025-07-23 18:12:51.558870,0,TimeoutError,MEDIUM,auth
2025-07-23 18:27:51.558870,2,TimeoutError,MEDIUM,web
2025-07-23 18:42:51.558870,1,ConnectionError,LOW,api
2025-07-23 18:57:51.558870,4,ValidationError,LOW,api
2025-07-23 19:12:51.558870,2,ConnectionError,LOW,web
2025-07-23 19:27:51.558870,1,ValidationError,MEDIUM,auth
2025-07-23 19:42:51.558870,0,ConnectionError,CRITICAL,database
2025-07-23 19:57:51.558870,2,TimeoutError,LOW,database
2025-07-23 20:12:51.558870,2,ConnectionError,LOW,api
2025-07-23 20:27:51.558870,0,ValidationError,LOW,web
2025-07-23 20:42:51.558870,1,ValidationError,MEDIUM,web
2025-07-23 20:57:51.558870,0,ValidationError,LOW,api
2025-07-23 21:12:51.558870,2,ValidationError,HIGH,web
2025-07-23 21:27:51.558870,2,ConnectionError,HIGH,database
2025-07-23 21:42:51.558870,1,AuthError,HIGH,api
2025-07-23 21:57:51.558870,2,TimeoutError,MEDIUM,api
2025-07-23 22:12:51.558870,4,ConnectionError,HIGH,api
2025-07-23 22:27:51.558870,3,ValidationError,MEDIUM,database
2025-07-23 22:42:51.558870,2,AuthError,MEDIUM,web
2025-07-23 22:57:51.558870,7,TimeoutError,CRITICAL,api
2025-07-23 23:12:51.558870,2,TimeoutError,MEDIUM,api
2025-07-23 23:27:51.558870,3,AuthError,MEDIUM,database
2025-07-23 23:42:51.558870,2,AuthError,LOW,web
2025-07-23 23:57:51.558870,1,TimeoutError,LOW,cache
2025-07-24 00:12:51.558870,3,ValidationError,HIGH,api
2025-07-24 00:27:51.558870,1,ConnectionError,LOW,web
2025-07-24 00:42:51.558870,2,TimeoutError,CRITICAL,auth
2025-07-24 00:57:51.558870,4,AuthError,LOW,auth
2025-07-24 01:12:51.558870,3,ConnectionError,CRITICAL,web
2025-07-24 01:27:51.558870,1,ConnectionError,LOW,cache
2025-07-24 01:42:51.558870,1,TimeoutError,LOW,web
2025-07-24 01:57:51.558870,4,ValidationError,CRITICAL,auth
2025-07-24 02:12:51.558870,1,AuthError,LOW,web
2025-07-24 02:27:51.558870,2,ConnectionError,LOW,web
2025-07-24 02:42:51.558870,4,AuthError,MEDIUM,auth
2025-07-24 02:57:51.558870,2,TimeoutError,LOW,cache
2025-07-24 03:12:51.558870,0,ConnectionError,LOW,api
2025-07-24 03:27:51.558870,2,ValidationError,MEDIUM,api
2025-07-24 03:42:51.558870,2,ConnectionError,HIGH,auth
2025-07-24 03:57:51.558870,4,ValidationError,LOW,auth
2025-07-24 04:12:51.558870,5,AuthError,HIGH,cache
2025-07-24 04:27:51.558870,1,TimeoutError,CRITICAL,cache
2025-07-24 04:42:51.558870,4,TimeoutError,LOW,api
2025-07-24 04:57:51.558870,1,ConnectionError,MEDIUM,cache
2025-07-24 05:12:51.558870,0,ValidationError,HIGH,cache
2025-07-24 05:27:51.558870,4,AuthError,MEDIUM,api
2025-07-24 05:42:51.558870,2,ConnectionError,LOW,cache
2025-07-24 05:57:51.558870,1,ValidationError,LOW,api
2025-07-24 06:12:51.558870,2,ConnectionError,LOW,auth
2025-07-24 06:27:51.558870,6,ValidationError,HIGH,auth
2025-07-24 06:42:51.558870,6,TimeoutError,LOW,auth
2025-07-24 06:57:51.558870,1,ValidationError,HIGH,cache
2025-07-24 07:12:51.558870,0,TimeoutError,CRITICAL,auth
2025-07-24 07:27:51.558870,2,ValidationError,MEDIUM,auth
2025-07-24 07:42:51.558870,1,ConnectionError,LOW,cache
2025-07-24 07:57:51.558870,4,ConnectionError,CRITICAL,auth
2025-07-24 08:12:51.558870,3,ValidationError,MEDIUM,database
2025-07-24 08:27:51.558870,4,AuthError,LOW,web
2025-07-24 08:42:51.558870,1,ConnectionError,LOW,api
2025-07-24 08:57:51.558870,2,AuthError,CRITICAL,auth
2025-07-24 09:12:51.558870,0,ConnectionError,LOW,cache
2025-07-24 09:27:51.558870,5,ConnectionError,LOW,database
2025-07-24 09:42:51.558870,2,TimeoutError,HIGH,web
2025-07-24 09:57:51.558870,5,ValidationError,MEDIUM,database
2025-07-24 10:12:51.558870,1,ValidationError,LOW,web
2025-07-24 10:27:51.558870,0,ValidationError,HIGH,cache
2025-07-24 10:42:51.558870,4,ConnectionError,LOW,cache
2025-07-24 10:57:51.558870,2,TimeoutError,CRITICAL,auth
2025-07-24 11:12:51.558870,1,ConnectionError,LOW,web
2025-07-24 11:27:51.558870,2,AuthError,CRITICAL,auth
2025-07-24 11:42:51.558870,1,AuthError,LOW,auth
2025-07-24 11:57:51.558870,1,AuthError,MEDIUM,database
2025-07-24 12:12:51.558870,2,ValidationError,MEDIUM,api
2025-07-24 12:27:51.558870,1,ValidationError,HIGH,api
2025-07-24 12:42:51.558870,1,TimeoutError,HIGH,database
2025-07-24 12:57:51.558870,5,ValidationError,LOW,database
2025-07-24 13:12:51.558870,2,ConnectionError,LOW,database
2025-07-24 13:27:51.558870,1,AuthError,LOW,cache
2025-07-24 13:42:51.558870,3,TimeoutError,LOW,auth
2025-07-24 13:57:51.558870,1,ValidationError,CRITICAL,web
2025-07-24 14:12:51.558870,1,TimeoutError,LOW,cache
2025-07-24 14:27:51.558870,3,ConnectionError,LOW,cache
2025-07-24 14:42:51.558870,0,AuthError,HIGH,auth
2025-07-24 14:57:51.558870,0,TimeoutError,CRITICAL,api
2025-07-24 15:12:51.558870,1,TimeoutError,HIGH,auth
2025-07-24 15:27:51.558870,2,ValidationError,MEDIUM,database
2025-07-24 15:42:51.558870,1,ConnectionError,HIGH,api
2025-07-24 15:57:51.558870,4,AuthError,CRITICAL,database
2025-07-24 16:12:51.558870,2,AuthError,LOW,auth
2025-07-24 16:27:51.558870,1,AuthError,HIGH,api
2025-07-24 16:42:51.558870,0,TimeoutError,LOW,database
2025-07-24 16:57:51.558870,0,ValidationError,MEDIUM,cache
2025-07-24 17:12:51.558870,1,ConnectionError,LOW,api
2025-07-24 17:27:51.558870,0,ConnectionError,HIGH,web
2025-07-24 17:42:51.558870,2,TimeoutError,HIGH,web
2025-07-24 17:57:51.558870,1,TimeoutError,LOW,api
2025-07-24 18:12:51.558870,3,AuthError,MEDIUM,auth
2025-07-24 18:27:51.558870,0,AuthError,LOW,database
2025-07-24 18:42:51.558870,2,ValidationError,LOW,cache
2025-07-24 18:57:51.558870,3,AuthError,LOW,web
2025-07-24 19:12:51.558870,3,TimeoutError,MEDIUM,web
2025-07-24 19:27:51.558870,5,ConnectionError,MEDIUM,database
2025-07-24 19:42:51.558870,0,ValidationError,MEDIUM,cache
2025-07-24 19:57:51.558870,3,ValidationError,MEDIUM,database
2025-07-24 20:12:51.558870,2,ValidationError,MEDIUM,api
2025-07-24 20:27:51.558870,3,TimeoutError,MEDIUM,database
2025-07-24 20:42:51.558870,4,ValidationError,MEDIUM,auth
2025-07-24 20:57:51.558870,5,ValidationError,LOW,auth
2025-07-24 21:12:51.558870,3,AuthError,CRITICAL,auth
2025-07-24 21:27:51.558870,1,AuthError,LOW,auth
2025-07-24 21:42:51.558870,1,TimeoutError,LOW,cache
2025-07-24 21:57:51.558870,3,AuthError,CRITICAL,api
2025-07-24 22:12:51.558870,1,TimeoutError,LOW,cache
2025-07-24 22:27:51.558870,1,AuthError,CRITICAL,auth
2025-07-24 22:42:51.558870,7,TimeoutError,HIGH,cache
2025-07-24 22:57:51.558870,3,ValidationError,LOW,api
2025-07-24 23:12:51.558870,0,ConnectionError,HIGH,web
2025-07-24 23:27:51.558870,1,ConnectionError,MEDIUM,database
2025-07-24 23:42:51.558870,1,TimeoutError,MEDIUM,api
2025-07-24 23:57:51.558870,2,ValidationError,MEDIUM,auth
2025-07-25 00:12:51.558870,4,ConnectionError,MEDIUM,web
2025-07-25 00:27:51.558870,2,TimeoutError,HIGH,api
2025-07-25 00:42:51.558870,1,AuthError,LOW,cache
2025-07-25 00:57:51.558870,1,AuthError,MEDIUM,api
2025-07-25 01:12:51.558870,0,TimeoutError,CRITICAL,auth
2025-07-25 01:27:51.558870,1,ConnectionError,MEDIUM,auth
2025-07-25 01:42:51.558870,3,ConnectionError,HIGH,auth
2025-07-25 01:57:51.558870,2,ConnectionError,LOW,web
2025-07-25 02:12:51.558870,4,ConnectionError,LOW,cache
2025-07-25 02:27:51.558870,2,TimeoutError,LOW,auth
2025-07-25 02:42:51.558870,4,AuthError,MEDIUM,api
2025-07-25 02:57:51.558870,1,TimeoutError,MEDIUM,cache
2025-07-25 03:12:51.558870,2,ConnectionError,CRITICAL,api
2025-07-25 03:27:51.558870,3,TimeoutError,MEDIUM,web
2025-07-25 03:42:51.558870,2,ValidationError,MEDIUM,web
2025-07-25 03:57:51.558870,0,ValidationError,CRITICAL,cache
2025-07-25 04:12:51.558870,4,AuthError,MEDIUM,database
2025-07-25 04:27:51.558870,5,ValidationError,LOW,database
2025-07-25 04:42:51.558870,2,AuthError,LOW,api
2025-07-25 04:57:51.558870,2,AuthError,MEDIUM,web
2025-07-25 05:12:51.558870,2,TimeoutError,LOW,database
2025-07-25 05:27:51.558870,3,ValidationError,CRITICAL,database
2025-07-25 05:42:51.558870,1,ConnectionError,LOW,api
2025-07-25 05:57:51.558870,1,ValidationError,LOW,web
2025-07-25 06:12:51.558870,1,ValidationError,LOW,api
2025-07-25 06:27:51.558870,1,TimeoutError,MEDIUM,api
2025-07-25 06:42:51.558870,1,ValidationError,LOW,web
2025-07-25 06:57:51.558870,1,ValidationError,MEDIUM,auth
2025-07-25 07:12:51.558870,1,TimeoutError,CRITICAL,api
2025-07-25 07:27:51.558870,2,TimeoutError,LOW,web
2025-07-25 07:42:51.558870,2,ConnectionError,LOW,cache
2025-07-25 07:57:51.558870,0,TimeoutError,MEDIUM,api
2025-07-25 08:12:51.558870,3,ValidationError,LOW,auth
2025-07-25 08:27:51.558870,0,AuthError,MEDIUM,auth
2025-07-25 08:42:51.558870,3,ValidationError,MEDIUM,cache
2025-07-25 08:57:51.558870,1,ValidationError,HIGH,api
2025-07-25 09:12:51.558870,6,TimeoutError,LOW,web
2025-07-25 09:27:51.558870,4,TimeoutError,MEDIUM,api
2025-07-25 09:42:51.558870,1,TimeoutError,CRITICAL,web
2025-07-25 09:57:51.558870,2,TimeoutError,MEDIUM,web
2025-07-25 10:12:51.558870,2,AuthError,MEDIUM,auth
2025-07-25 10:27:51.558870,3,ConnectionError,LOW,api
2025-07-25 10:42:51.558870,0,TimeoutError,MEDIUM,cache
2025-07-25 10:57:51.558870,2,AuthError,CRITICAL,cache
2025-07-25 11:12:51.558870,1,ConnectionError,CRITICAL,api
2025-07-25 11:27:51.558870,1,TimeoutError,HIGH,cache
2025-07-25 11:42:51.558870,2,ValidationError,HIGH,web
2025-07-25 11:57:51.558870,0,TimeoutError,MEDIUM,api
2025-07-25 12:12:51.558870,1,ValidationError,LOW,cache
2025-07-25 12:27:51.558870,3,ConnectionError,LOW,api
2025-07-25 12:42:51.558870,2,AuthError,LOW,database
2025-07-25 12:57:51.558870,2,AuthError,HIGH,web
2025-07-25 13:12:51.558870,2,ValidationError,LOW,web
2025-07-25 13:27:51.558870,1,TimeoutError,LOW,cache
2025-07-25 13:42:51.558870,3,TimeoutError,LOW,web
2025-07-25 13:57:51.558870,3,ConnectionError,LOW,database
2025-07-25 14:12:51.558870,0,ValidationError,MEDIUM,auth
2025-07-25 14:27:51.558870,5,ValidationError,MEDIUM,web
2025-07-25 14:42:51.558870,7,ConnectionError,MEDIUM,api
2025-07-25 14:57:51.558870,3,AuthError,HIGH,api
2025-07-25 15:12:51.558870,1,AuthError,CRITICAL,database
2025-07-25 15:27:51.558870,0,ConnectionError,LOW,api
2025-07-25 15:42:51.558870,3,ConnectionError,MEDIUM,database
2025-07-25 15:57:51.558870,4,ConnectionError,CRITICAL,auth
2025-07-25 16:12:51.558870,4,ConnectionError,MEDIUM,web
2025-07-25 16:27:51.558870,3,ValidationError,LOW,api
2025-07-25 16:42:51.558870,2,AuthError,HIGH,api
2025-07-25 16:57:51.558870,3,AuthError,HIGH,web
2025-07-25 17:12:51.558870,1,ConnectionError,MEDIUM,database
2025-07-25 17:27:51.558870,1,ValidationError,LOW,web
2025-07-25 17:42:51.558870,2,ConnectionError,MEDIUM,web
2025-07-25 17:57:51.558870,1,ConnectionError,LOW,cache
2025-07-25 18:12:51.558870,4,ValidationError,MEDIUM,web
2025-07-25 18:27:51.558870,1,ValidationError,MEDIUM,web
2025-07-25 18:42:51.558870,1,AuthError,HIGH,database
2025-07-25 18:57:51.558870,0,ConnectionError,CRITICAL,api
2025-07-25 19:12:51.558870,3,AuthError,LOW,web
2025-07-25 19:27:51.558870,1,AuthError,MEDIUM,database
2025-07-25 19:42:51.558870,1,AuthError,MEDIUM,api
2025-07-25 19:57:51.558870,2,ConnectionError,LOW,database
2025-07-25 20:12:51.558870,2,AuthError,HIGH,cache
2025-07-25 20:27:51.558870,3,ConnectionError,CRITICAL,cache
2025-07-25 20:42:51.558870,1,AuthError,MEDIUM,web
2025-07-25 20:57:51.558870,1,ConnectionError,LOW,api
2025-07-25 21:12:51.558870,2,ConnectionError,LOW,auth
2025-07-25 21:27:51.558870,1,ConnectionError,MEDIUM,auth
2025-07-25 21:42:51.558870,2,ConnectionError,CRITICAL,database
2025-07-25 21:57:51.558870,0,TimeoutError,CRITICAL,api
2025-07-25 22:12:51.558870,2,TimeoutError,LOW,auth
2025-07-25 22:27:51.558870,2,AuthError,LOW,web
2025-07-25 22:42:51.558870,3,ValidationError,MEDIUM,database
2025-07-25 22:57:51.558870,1,ValidationError,MEDIUM,cache
2025-07-25 23:12:51.558870,1,AuthError,MEDIUM,web
2025-07-25 23:27:51.558870,2,ConnectionError,LOW,auth
2025-07-25 23:42:51.558870,3,ValidationError,CRITICAL,auth
2025-07-25 23:57:51.558870,3,AuthError,LOW,web
2025-07-26 00:12:51.558870,0,AuthError,CRITICAL,cache
2025-07-26 00:27:51.558870,5,ValidationError,LOW,auth
2025-07-26 00:42:51.558870,5,ConnectionError,LOW,web
2025-07-26 00:57:51.558870,1,ConnectionError,MEDIUM,auth
2025-07-26 01:12:51.558870,2,ValidationError,HIGH,cache
2025-07-26 01:27:51.558870,2,ValidationError,LOW,cache
2025-07-26 01:42:51.558870,2,ConnectionError,MEDIUM,cache
2025-07-26 01:57:51.558870,4,AuthError,MEDIUM,api
2025-07-26 02:12:51.558870,3,TimeoutError,MEDIUM,api
2025-07-26 02:27:51.558870,1,AuthError,LOW,cache
2025-07-26 02:42:51.558870,2,ConnectionError,HIGH,auth
2025-07-26 02:57:51.558870,1,ValidationError,HIGH,database
2025-07-26 03:12:51.558870,2,ConnectionError,LOW,web
2025-07-26 03:27:51.558870,1,AuthError,HIGH,auth
2025-07-26 03:42:51.558870,4,AuthError,CRITICAL,database
2025-07-26 03:57:51.558870,2,ConnectionError,MEDIUM,auth
2025-07-26 04:12:51.558870,2,ValidationError,LOW,cache
2025-07-26 04:27:51.558870,1,TimeoutError,MEDIUM,api
2025-07-26 04:42:51.558870,1,TimeoutError,MEDIUM,api
2025-07-26 04:57:51.558870,2,TimeoutError,LOW,web
2025-07-26 05:12:51.558870,2,AuthError,LOW,api
2025-07-26 05:27:51.558870,1,ValidationError,HIGH,auth
2025-07-26 05:42:51.558870,3,TimeoutError,MEDIUM,cache
2025-07-26 05:57:51.558870,2,TimeoutError,MEDIUM,database
2025-07-26 06:12:51.558870,4,TimeoutError,CRITICAL,auth
2025-07-26 06:27:51.558870,1,TimeoutError,MEDIUM,cache
2025-07-26 06:42:51.558870,0,AuthError,LOW,web
2025-07-26 06:57:51.558870,2,ValidationError,LOW,api
2025-07-26 07:12:51.558870,1,TimeoutError,LOW,database
2025-07-26 07:27:51.558870,3,ConnectionError,LOW,auth
2025-07-26 07:42:51.558870,5,ValidationError,LOW,api
2025-07-26 07:57:51.558870,0,ValidationError,MEDIUM,database
2025-07-26 08:12:51.558870,5,TimeoutError,MEDIUM,api
2025-07-26 08:27:51.558870,4,TimeoutError,LOW,database
2025-07-26 08:42:51.558870,1,TimeoutError,MEDIUM,web
2025-07-26 08:57:51.558870,2,ConnectionError,LOW,web
2025-07-26 09:12:51.558870,2,TimeoutError,LOW,api
2025-07-26 09:27:51.558870,2,ConnectionError,LOW,cache
2025-07-26 09:42:51.558870,1,AuthError,LOW,cache
2025-07-26 09:57:51.558870,2,AuthError,MEDIUM,auth
2025-07-26 10:12:51.558870,1,AuthError,LOW,auth
2025-07-26 10:27:51.558870,1,TimeoutError,MEDIUM,auth
2025-07-26 10:42:51.558870,2,AuthError,LOW,api
2025-07-26 10:57:51.558870,1,TimeoutError,LOW,web
2025-07-26 11:12:51.558870,1,ValidationError,LOW,cache
2025-07-26 11:27:51.558870,1,ValidationError,MEDIUM,database
2025-07-26 11:42:51.558870,5,ValidationError,MEDIUM,api
2025-07-26 11:57:51.558870,2,TimeoutError,HIGH,database
2025-07-26 12:12:51.558870,3,ValidationError,MEDIUM,api
2025-07-26 12:27:51.558870,0,TimeoutError,LOW,auth
2025-07-26 12:42:51.558870,3,ConnectionError,CRITICAL,api
2025-07-26 12:57:51.558870,1,AuthError,LOW,web
2025-07-26 13:12:51.558870,5,AuthError,CRITICAL,web
2025-07-26 13:27:51.558870,5,AuthError,LOW,web
2025-07-26 13:42:51.558870,2,AuthError,LOW,auth
2025-07-26 13:57:51.558870,1,TimeoutError,LOW,api
2025-07-26 14:12:51.558870,2,AuthError,MEDIUM,web
2025-07-26 14:27:51.558870,0,TimeoutError,HIGH,auth
2025-07-26 14:42:51.558870,2,TimeoutError,LOW,api
2025-07-26 14:57:51.558870,2,AuthError,HIGH,database
2025-07-26 15:12:51.558870,4,ValidationError,HIGH,api
2025-07-26 15:27:51.558870,1,TimeoutError,LOW,api
2025-07-26 15:42:51.558870,2,ValidationError,MEDIUM,database
2025-07-26 15:57:51.558870,3,ConnectionError,HIGH,api
2025-07-26 16:12:51.558870,3,ConnectionError,CRITICAL,web
2025-07-26 16:27:51.558870,1,ConnectionError,LOW,api
2025-07-26 16:42:51.558870,2,TimeoutError,LOW,cache
2025-07-26 16:57:51.558870,1,ValidationError,LOW,web
2025-07-26 17:12:51.558870,0,ValidationError,CRITICAL,web
2025-07-26 17:27:51.558870,3,ConnectionError,MEDIUM,database
2025-07-26 17:42:51.558870,6,TimeoutError,HIGH,api
2025-07-26 17:57:51.558870,1,ConnectionError,LOW,cache
2025-07-26 18:12:51.558870,1,ConnectionError,MEDIUM,cache
2025-07-26 18:27:51.558870,2,TimeoutError,LOW,database
2025-07-26 18:42:51.558870,2,ValidationError,LOW,api
2025-07-26 18:57:51.558870,7,ConnectionError,HIGH,api
2025-07-26 19:12:51.558870,4,ConnectionError,CRITICAL,cache
2025-07-26 19:27:51.558870,3,ConnectionError,LOW,web
2025-07-26 19:42:51.558870,5,ConnectionError,MEDIUM,database
2025-07-26 19:57:51.558870,1,TimeoutError,LOW,auth
2025-07-26 20:12:51.558870,0,ValidationError,LOW,api
2025-07-26 20:27:51.558870,1,ConnectionError,MEDIUM,database
2025-07-26 20:42:51.558870,1,ValidationError,CRITICAL,auth
2025-07-26 20:57:51.558870,3,AuthError,LOW,api
2025-07-26 21:12:51.558870,1,ValidationError,LOW,cache
2025-07-26 21:27:51.558870,5,AuthError,HIGH,auth
2025-07-26 21:42:51.558870,2,TimeoutError,LOW,database
2025-07-26 21:57:51.558870,2,ValidationError,MEDIUM,auth
2025-07-26 22:12:51.558870,1,ConnectionError,CRITICAL,web
2025-07-26 22:27:51.558870,2,ConnectionError,LOW,cache
2025-07-26 22:42:51.558870,0,ConnectionError,LOW,database
2025-07-26 22:57:51.558870,3,ConnectionError,HIGH,api
2025-07-26 23:12:51.558870,1,AuthError,MEDIUM,database
2025-07-26 23:27:51.558870,1,TimeoutError,HIGH,web
2025-07-26 23:42:51.558870,4,AuthError,CRITICAL,api
2025-07-26 23:57:51.558870,5,AuthError,CRITICAL,web
2025-07-27 00:12:51.558870,4,AuthError,HIGH,auth
2025-07-27 00:27:51.558870,0,TimeoutError,LOW,web
2025-07-27 00:42:51.558870,2,TimeoutError,MEDIUM,web
2025-07-27 00:57:51.558870,1,AuthError,HIGH,cache
2025-07-27 01:12:51.558870,2,TimeoutError,LOW,cache
2025-07-27 01:27:51.558870,1,TimeoutError,HIGH,web
2025-07-27 01:42:51.558870,3,AuthError,MEDIUM,api
2025-07-27 01:57:51.558870,1,ValidationError,CRITICAL,cache
2025-07-27 02:12:51.558870,1,ConnectionError,LOW,auth
2025-07-27 02:27:51.558870,2,ValidationError,MEDIUM,database
2025-07-27 02:42:51.558870,2,ValidationError,LOW,database
2025-07-27 02:57:51.558870,4,ValidationError,LOW,cache
2025-07-27 03:12:51.558870,3,ConnectionError,MEDIUM,api
2025-07-27 03:27:51.558870,3,ConnectionError,LOW,web
2025-07-27 03:42:51.558870,1,AuthError,HIGH,database
2025-07-27 03:57:51.558870,3,ValidationError,MEDIUM,cache
2025-07-27 04:12:51.558870,3,AuthError,LOW,api
2025-07-27 04:27:51.558870,1,ValidationError,HIGH,web
2025-07-27 04:42:51.558870,4,TimeoutError,LOW,database
2025-07-27 04:57:51.558870,2,ConnectionError,MEDIUM,web
2025-07-27 05:12:51.558870,2,ValidationError,MEDIUM,api
2025-07-27 05:27:51.558870,1,ValidationError,LOW,cache
2025-07-27 05:42:51.558870,1,AuthError,HIGH,web
2025-07-27 05:57:51.558870,2,ConnectionError,LOW,web
2025-07-27 06:12:51.558870,1,AuthError,MEDIUM,web
2025-07-27 06:27:51.558870,2,ConnectionError,HIGH,web
2025-07-27 06:42:51.558870,2,ConnectionError,MEDIUM,cache
2025-07-27 06:57:51.558870,4,ValidationError,HIGH,web
2025-07-27 07:12:51.558870,2,AuthError,LOW,cache
2025-07-27 07:27:51.558870,2,ValidationError,LOW,api
2025-07-27 07:42:51.558870,7,ConnectionError,MEDIUM,cache
2025-07-27 07:57:51.558870,1,ConnectionError,HIGH,database
2025-07-27 08:12:51.558870,3,TimeoutError,HIGH,api
2025-07-27 08:27:51.558870,3,ConnectionError,LOW,api
2025-07-27 08:42:51.558870,0,TimeoutError,LOW,web
2025-07-27 08:57:51.558870,2,AuthError,HIGH,api
2025-07-27 09:12:51.558870,2,AuthError,CRITICAL,cache
2025-07-27 09:27:51.558870,3,TimeoutError,HIGH,api
2025-07-27 09:42:51.558870,3,ConnectionError,LOW,api
2025-07-27 09:57:51.558870,3,AuthError,LOW,auth
2025-07-27 10:12:51.558870,1,ValidationError,HIGH,api
2025-07-27 10:27:51.558870,2,ValidationError,HIGH,web
2025-07-27 10:42:51.558870,0,ConnectionError,LOW,database
2025-07-27 10:57:51.558870,4,ValidationError,HIGH,web
2025-07-27 11:12:51.558870,3,ConnectionError,LOW,web
2025-07-27 11:27:51.558870,1,TimeoutError,LOW,web
2025-07-27 11:42:51.558870,2,ConnectionError,MEDIUM,cache
2025-07-27 11:57:51.558870,1,ValidationError,MEDIUM,web
2025-07-27 12:12:51.558870,2,TimeoutError,LOW,database
2025-07-27 12:27:51.558870,4,AuthError,MEDIUM,web
2025-07-27 12:42:51.558870,1,AuthError,HIGH,web
2025-07-27 12:57:51.558870,1,TimeoutError,LOW,auth
2025-07-27 13:12:51.558870,0,ConnectionError,CRITICAL,cache
2025-07-27 13:27:51.558870,3,ConnectionError,CRITICAL,database
2025-07-27 13:42:51.558870,5,AuthError,MEDIUM,api
2025-07-27 13:57:51.558870,1,TimeoutError,MEDIUM,web
2025-07-27 14:12:51.558870,0,AuthError,HIGH,database
2025-07-27 14:27:51.558870,3,ConnectionError,CRITICAL,database
2025-07-27 14:42:51.558870,0,ValidationError,MEDIUM,web
2025-07-27 14:57:51.558870,0,ConnectionError,LOW,database
2025-07-27 15:12:51.558870,1,AuthError,LOW,api
2025-07-27 15:27:51.558870,1,ConnectionError,LOW,api
2025-07-27 15:42:51.558870,4,AuthError,MEDIUM,web
2025-07-27 15:57:51.558870,4,AuthError,LOW,cache
2025-07-27 16:12:51.558870,2,ValidationError,LOW,web
2025-07-27 16:27:51.558870,1,AuthError,HIGH,web
2025-07-27 16:42:51.558870,1,AuthError,HIGH,auth
2025-07-27 16:57:51.558870,2,ValidationError,CRITICAL,api
2025-07-27 17:12:51.558870,1,TimeoutError,LOW,database
2025-07-27 17:27:51.558870,1,AuthError,LOW,auth
2025-07-27 17:42:51.558870,2,ConnectionError,LOW,auth
2025-07-27 17:57:51.558870,2,ValidationError,MEDIUM,database
2025-07-27 18:12:51.558870,2,ValidationError,CRITICAL,auth
2025-07-27 18:27:51.558870,1,ValidationError,HIGH,web
2025-07-27 18:42:51.558870,3,ValidationError,LOW,cache
2025-07-27 18:57:51.558870,1,TimeoutError,MEDIUM,database
2025-07-27 19:12:51.558870,1,TimeoutError,MEDIUM,api
2025-07-27 19:27:51.558870,2,ValidationError,MEDIUM,api
2025-07-27 19:42:51.558870,4,AuthError,HIGH,cache
2025-07-27 19:57:51.558870,0,ConnectionError,MEDIUM,auth
2025-07-27 20:12:51.558870,2,ValidationError,LOW,web
2025-07-27 20:27:51.558870,3,ValidationError,CRITICAL,auth
2025-07-27 20:42:51.558870,4,AuthError,MEDIUM,database
2025-07-27 20:57:51.558870,0,ConnectionError,MEDIUM,api
2025-07-27 21:12:51.558870,2,TimeoutError,HIGH,cache
2025-07-27 21:27:51.558870,0,TimeoutError,LOW,cache
2025-07-27 21:42:51.558870,3,TimeoutError,HIGH,web
2025-07-27 21:57:51.558870,1,ConnectionError,HIGH,api
2025-07-27 22:12:51.558870,1,TimeoutError,CRITICAL,auth
2025-07-27 22:27:51.558870,2,AuthError,HIGH,database
2025-07-27 22:42:51.558870,1,AuthError,HIGH,web
2025-07-27 22:57:51.558870,3,ConnectionError,CRITICAL,api
2025-07-27 23:12:51.558870,0,TimeoutError,CRITICAL,database
2025-07-27 23:27:51.558870,1,TimeoutError,LOW,api
2025-07-27 23:42:51.558870,3,AuthError,LOW,web
2025-07-27 23:57:51.558870,2,ConnectionError,LOW,web
2025-07-28 00:12:51.558870,5,ConnectionError,LOW,api
2025-07-28 00:27:51.558870,3,AuthError,HIGH,web
2025-07-28 00:42:51.558870,2,ConnectionError,HIGH,api
2025-07-28 00:57:51.558870,2,TimeoutError,LOW,cache
2025-07-28 01:12:51.558870,3,TimeoutError,LOW,cache
2025-07-28 01:27:51.558870,4,ConnectionError,MEDIUM,api
2025-07-28 01:42:51.558870,2,ConnectionError,MEDIUM,cache
2025-07-28 01:57:51.558870,4,ConnectionError,MEDIUM,web
2025-07-28 02:12:51.558870,2,ValidationError,MEDIUM,api
2025-07-28 02:27:51.558870,2,ValidationError,HIGH,database
2025-07-28 02:42:51.558870,4,TimeoutError,CRITICAL,web
2025-07-28 02:57:51.558870,2,ConnectionError,MEDIUM,cache
2025-07-28 03:12:51.558870,2,ValidationError,CRITICAL,database
2025-07-28 03:27:51.558870,0,AuthError,MEDIUM,auth
2025-07-28 03:42:51.558870,2,ValidationError,CRITICAL,api
2025-07-28 03:57:51.558870,4,AuthError,MEDIUM,web
2025-07-28 04:12:51.558870,1,TimeoutError,LOW,cache
2025-07-28 04:27:51.558870,4,AuthError,LOW,auth
2025-07-28 04:42:51.558870,3,ConnectionError,MEDIUM,web
2025-07-28 04:57:51.558870,4,AuthError,MEDIUM,cache
2025-07-28 05:12:51.558870,0,ConnectionError,LOW,web
2025-07-28 05:27:51.558870,2,TimeoutError,MEDIUM,api
2025-07-28 05:42:51.558870,1,ConnectionError,LOW,database
2025-07-28 05:57:51.558870,2,ValidationError,LOW,cache
2025-07-28 06:12:51.558870,3,AuthError,MEDIUM,auth
2025-07-28 06:27:51.558870,2,AuthError,CRITICAL,auth
2025-07-28 06:42:51.558870,2,TimeoutError,LOW,api
2025-07-28 06:57:51.558870,1,ValidationError,LOW,auth
2025-07-28 07:12:51.558870,2,TimeoutError,LOW,api
2025-07-28 07:27:51.558870,3,ValidationError,HIGH,cache
2025-07-28 07:42:51.558870,5,TimeoutError,HIGH,cache
2025-07-28 07:57:51.558870,3,AuthError,MEDIUM,api
2025-07-28 08:12:51.558870,0,ConnectionError,LOW,api
2025-07-28 08:27:51.558870,1,TimeoutError,CRITICAL,cache
2025-07-28 08:42:51.558870,5,ValidationError,HIGH,web
2025-07-28 08:57:51.558870,1,AuthError,HIGH,database
2025-07-28 09:12:51.558870,2,ValidationError,MEDIUM,cache
2025-07-28 09:27:51.558870,4,TimeoutError,HIGH,database
2025-07-28 09:42:51.558870,0,ValidationError,LOW,api
2025-07-28 09:57:51.558870,1,ConnectionError,CRITICAL,web
2025-07-28 10:12:51.558870,3,TimeoutError,HIGH,auth
2025-07-28 10:27:51.558870,0,TimeoutError,HIGH,cache
2025-07-28 10:42:51.558870,2,TimeoutError,HIGH,auth
2025-07-28 10:57:51.558870,2,ValidationError,LOW,api
2025-07-28 11:12:51.558870,2,TimeoutError,HIGH,api
2025-07-28 11:27:51.558870,2,ConnectionError,LOW,web
2025-07-28 11:42:51.558870,2,TimeoutError,MEDIUM,api
2025-07-28 11:57:51.558870,0,AuthError,MEDIUM,auth
2025-07-28 12:12:51.558870,2,TimeoutError,MEDIUM,web
2025-07-28 12:27:51.558870,1,ConnectionError,MEDIUM,cache
2025-07-28 12:42:51.558870,5,AuthError,MEDIUM,database
2025-07-28 12:57:51.558870,3,ConnectionError,LOW,api
2025-07-28 13:12:51.558870,4,ValidationError,MEDIUM,auth
2025-07-28 13:27:51.558870,1,TimeoutError,HIGH,cache
2025-07-28 13:42:51.558870,1,AuthError,LOW,api
2025-07-28 13:57:51.558870,0,AuthError,LOW,cache
2025-07-28 14:12:51.558870,2,ValidationError,MEDIUM,web
2025-07-28 14:27:51.558870,3,ValidationError,CRITICAL,web
2025-07-28 14:42:51.558870,2,ValidationError,LOW,auth
2025-07-28 14:57:51.558870,2,ValidationError,LOW,auth
2025-07-28 15:12:51.558870,3,ConnectionError,MEDIUM,auth
2025-07-28 15:27:51.558870,3,AuthError,LOW,api
2025-07-28 15:42:51.558870,1,TimeoutError,HIGH,api
2025-07-28 15:57:51.558870,1,TimeoutError,LOW,web
2025-07-28 16:12:51.558870,1,ConnectionError,LOW,web
2025-07-28 16:27:51.558870,1,AuthError,LOW,database
2025-07-28 16:42:51.558870,1,ValidationError,LOW,api
2025-07-28 16:57:51.558870,2,AuthError,LOW,web
2025-07-28 17:12:51.558870,3,ConnectionError,HIGH,web
2025-07-28 17:27:51.558870,2,ConnectionError,LOW,api
2025-07-28 17:42:51.558870,5,TimeoutError,HIGH,database
2025-07-28 17:57:51.558870,2,AuthError,LOW,api
2025-07-28 18:12:51.558870,5,AuthError,LOW,cache
2025-07-28 18:27:51.558870,0,AuthError,MEDIUM,auth
2025-07-28 18:42:51.558870,1,ValidationError,LOW,cache
2025-07-28 18:57:51.558870,1,AuthError,LOW,database
2025-07-28 19:12:51.558870,3,AuthError,HIGH,web
2025-07-28 19:27:51.558870,1,TimeoutError,LOW,database
2025-07-28 19:42:51.558870,3,ValidationError,LOW,database
2025-07-28 19:57:51.558870,3,TimeoutError,LOW,api
2025-07-28 20:12:51.558870,1,TimeoutError,LOW,cache
2025-07-28 20:27:51.558870,1,TimeoutError,MEDIUM,cache
2025-07-28 20:42:51.558870,1,TimeoutError,MEDIUM,auth
2025-07-28 20:57:51.558870,2,AuthError,LOW,api
2025-07-28 21:12:51.558870,4,ValidationError,LOW,database
2025-07-28 21:27:51.558870,3,TimeoutError,MEDIUM,database
2025-07-28 21:42:51.558870,3,ConnectionError,MEDIUM,api
2025-07-28 21:57:51.558870,0,ValidationError,CRITICAL,web
2025-07-28 22:12:51.558870,1,AuthError,CRITICAL,web
2025-07-28 22:27:51.558870,0,TimeoutError,MEDIUM,cache
2025-07-28 22:42:51.558870,1,ConnectionError,LOW,cache
2025-07-28 22:57:51.558870,2,ValidationError,MEDIUM,cache
2025-07-28 23:12:51.558870,3,ValidationError,LOW,api
2025-07-28 23:27:51.558870,2,TimeoutError,HIGH,auth
2025-07-28 23:42:51.558870,3,ValidationError,HIGH,database
2025-07-28 23:57:51.558870,3,ValidationError,LOW,database
2025-07-29 00:12:51.558870,2,AuthError,MEDIUM,web
2025-07-29 00:27:51.558870,1,TimeoutError,LOW,auth
2025-07-29 00:42:51.558870,1,ConnectionError,LOW,auth
2025-07-29 00:57:51.558870,2,ValidationError,MEDIUM,cache
2025-07-29 01:12:51.558870,1,ValidationError,HIGH,database
2025-07-29 01:27:51.558870,0,TimeoutError,MEDIUM,auth
2025-07-29 01:42:51.558870,3,ConnectionError,HIGH,web
2025-07-29 01:57:51.558870,1,AuthError,MEDIUM,database
2025-07-29 02:12:51.558870,1,ConnectionError,LOW,database
2025-07-29 02:27:51.558870,2,TimeoutError,CRITICAL,database
2025-07-29 02:42:51.558870,3,TimeoutError,CRITICAL,auth
2025-07-29 02:57:51.558870,1,ValidationError,LOW,web
2025-07-29 03:12:51.558870,6,AuthError,LOW,auth
2025-07-29 03:27:51.558870,2,TimeoutError,MEDIUM,auth
2025-07-29 03:42:51.558870,2,ValidationError,HIGH,database
2025-07-29 03:57:51.558870,1,ValidationError,LOW,web
2025-07-29 04:12:51.558870,2,TimeoutError,LOW,database
2025-07-29 04:27:51.558870,1,ValidationError,CRITICAL,database
2025-07-29 04:42:51.558870,1,ValidationError,LOW,api
2025-07-29 04:57:51.558870,2,AuthError,MEDIUM,cache
2025-07-29 05:12:51.558870,1,ConnectionError,MEDIUM,cache
2025-07-29 05:27:51.558870,2,AuthError,MEDIUM,api
2025-07-29 05:42:51.558870,2,TimeoutError,MEDIUM,cache
2025-07-29 05:57:51.558870,1,ConnectionError,HIGH,cache
2025-07-29 06:12:51.558870,1,AuthError,MEDIUM,auth
2025-07-29 06:27:51.558870,2,TimeoutError,MEDIUM,database
2025-07-29 06:42:51.558870,6,ConnectionError,LOW,web
2025-07-29 06:57:51.558870,0,ConnectionError,LOW,web
2025-07-29 07:12:51.558870,1,AuthError,CRITICAL,api
2025-07-29 07:27:51.558870,1,TimeoutError,HIGH,api
2025-07-29 07:42:51.558870,2,ConnectionError,MEDIUM,auth
2025-07-29 07:57:51.558870,4,ConnectionError,MEDIUM,cache
2025-07-29 08:12:51.558870,0,AuthError,MEDIUM,database
2025-07-29 08:27:51.558870,2,TimeoutError,MEDIUM,api
2025-07-29 08:42:51.558870,0,AuthError,LOW,api
2025-07-29 08:57:51.558870,4,TimeoutError,LOW,api
2025-07-29 09:12:51.558870,0,ConnectionError,MEDIUM,api
2025-07-29 09:27:51.558870,0,AuthError,CRITICAL,api
2025-07-29 09:42:51.558870,3,AuthError,LOW,cache
2025-07-29 09:57:51.558870,4,ValidationError,LOW,database
2025-07-29 10:12:51.558870,2,ConnectionError,CRITICAL,api
2025-07-29 10:27:51.558870,0,ValidationError,CRITICAL,web
2025-07-29 10:42:51.558870,1,ConnectionError,MEDIUM,api
2025-07-29 10:57:51.558870,0,ConnectionError,LOW,auth
2025-07-29 11:12:51.558870,1,AuthError,HIGH,web
2025-07-29 11:27:51.558870,3,ConnectionError,LOW,web
2025-07-29 11:42:51.558870,4,TimeoutError,MEDIUM,api
2025-07-29 11:57:51.558870,1,TimeoutError,LOW,auth
2025-07-29 12:12:51.558870,3,ConnectionError,CRITICAL,database
2025-07-29 12:27:51.558870,2,ConnectionError,LOW,api
2025-07-29 12:42:51.558870,2,ConnectionError,LOW,auth
2025-07-29 12:57:51.558870,1,AuthError,LOW,api
2025-07-29 13:12:51.558870,3,AuthError,MEDIUM,web
2025-07-29 13:27:51.558870,3,AuthError,LOW,cache
2025-07-29 13:42:51.558870,3,ConnectionError,LOW,web
2025-07-29 13:57:51.558870,4,TimeoutError,CRITICAL,cache
2025-07-29 14:12:51.558870,33,AuthError,HIGH,api
2025-07-29 14:27:51.558870,56,ConnectionError,LOW,database
2025-07-29 14:42:51.558870,24,AuthError,MEDIUM,web
2025-07-29 14:57:51.558870,24,ConnectionError,LOW,cache
2025-07-29 15:12:51.558870,20,AuthError,MEDIUM,web
2025-07-29 15:27:51.558870,15,ValidationError,CRITICAL,cache
2025-07-29 15:42:51.558870,6,ConnectionError,LOW,api
2025-07-29 15:57:51.558870,12,AuthError,LOW,cache
2025-07-29 16:12:51.558870,7,AuthError,LOW,cache
2025-07-29 16:27:51.558870,36,ValidationError,LOW,web
2025-07-29 16:42:51.558870,28,AuthError,MEDIUM,auth
2025-07-29 16:57:51.558870,13,AuthError,MEDIUM,cache
2025-07-29 17:12:51.558870,0,ValidationError,MEDIUM,auth
2025-07-29 17:27:51.558870,2,AuthError,LOW,web
2025-07-29 17:42:51.558870,1,ConnectionError,MEDIUM,cache
2025-07-29 17:57:51.558870,2,ValidationError,HIGH,auth
2025-07-29 18:12:51.558870,6,ValidationError,LOW,database
2025-07-29 18:27:51.558870,1,ConnectionError,LOW,web
2025-07-29 18:42:51.558870,1,ConnectionError,HIGH,web
2025-07-29 18:57:51.558870,0,TimeoutError,CRITICAL,cache
2025-07-29 19:12:51.558870,3,AuthError,MEDIUM,api
2025-07-29 19:27:51.558870,3,ConnectionError,CRITICAL,cache
2025-07-29 19:42:51.558870,2,TimeoutError,MEDIUM,auth
2025-07-29 19:57:51.558870,1,AuthError,LOW,cache
2025-07-29 20:12:51.558870,2,ConnectionError,LOW,api
2025-07-29 20:27:51.558870,1,AuthError,MEDIUM,web
2025-07-29 20:42:51.558870,2,ValidationError,LOW,api
2025-07-29 20:57:51.558870,3,TimeoutError,HIGH,cache
2025-07-29 21:12:51.558870,1,ConnectionError,HIGH,database
2025-07-29 21:27:51.558870,1,ConnectionError,LOW,auth
2025-07-29 21:42:51.558870,2,ConnectionError,MEDIUM,database
2025-07-29 21:57:51.558870,2,ValidationError,HIGH,web
2025-07-29 22:12:51.558870,3,ValidationError,LOW,auth
2025-07-29 22:27:51.558870,2,ValidationError,HIGH,cache
2025-07-29 22:42:51.558870,2,ConnectionError,HIGH,auth
2025-07-29 22:57:51.558870,2,ConnectionError,LOW,web
2025-07-29 23:12:51.558870,0,ConnectionError,CRITICAL,cache
2025-07-29 23:27:51.558870,4,AuthError,LOW,auth
2025-07-29 23:42:51.558870,0,AuthError,HIGH,database
2025-07-29 23:57:51.558870,2,TimeoutError,HIGH,web
2025-07-30 00:12:51.558870,2,ValidationError,LOW,web
2025-07-30 00:27:51.558870,1,TimeoutError,CRITICAL,auth
2025-07-30 00:42:51.558870,1,TimeoutError,MEDIUM,cache
2025-07-30 00:57:51.558870,3,TimeoutError,MEDIUM,auth
2025-07-30 01:12:51.558870,1,TimeoutError,LOW,api
2025-07-30 01:27:51.558870,3,AuthError,LOW,web
2025-07-30 01:42:51.558870,0,AuthError,LOW,web
2025-07-30 01:57:51.558870,1,ValidationError,HIGH,database
2025-07-30 02:12:51.558870,2,AuthError,LOW,api
2025-07-30 02:27:51.558870,2,TimeoutError,HIGH,web
2025-07-30 02:42:51.558870,1,ValidationError,LOW,web
2025-07-30 02:57:51.558870,0,TimeoutError,MEDIUM,cache
2025-07-30 03:12:51.558870,2,ConnectionError,LOW,web
2025-07-30 03:27:51.558870,3,AuthError,MEDIUM,database
2025-07-30 03:42:51.558870,3,TimeoutError,MEDIUM,database
2025-07-30 03:57:51.558870,1,TimeoutError,HIGH,api
2025-07-30 04:12:51.558870,4,AuthError,LOW,api
2025-07-30 04:27:51.558870,2,TimeoutError,CRITICAL,cache
2025-07-30 04:42:51.558870,2,ValidationError,HIGH,api
2025-07-30 04:57:51.558870,3,TimeoutError,MEDIUM,database
2025-07-30 05:12:51.558870,1,TimeoutError,LOW,api
2025-07-30 05:27:51.558870,2,ConnectionError,MEDIUM,auth
2025-07-30 05:42:51.558870,0,ValidationError,HIGH,cache
2025-07-30 05:57:51.558870,4,TimeoutError,HIGH,api
2025-07-30 06:12:51.558870,1,ValidationError,LOW,cache
2025-07-30 06:27:51.558870,4,TimeoutError,CRITICAL,auth
2025-07-30 06:42:51.558870,2,AuthError,MEDIUM,auth
2025-07-30 06:57:51.558870,2,TimeoutError,MEDIUM,api
2025-07-30 07:12:51.558870,4,ValidationError,LOW,cache
2025-07-30 07:27:51.558870,1,ConnectionError,CRITICAL,web
2025-07-30 07:42:51.558870,1,AuthError,HIGH,database
2025-07-30 07:57:51.558870,2,ConnectionError,MEDIUM,cache
2025-07-30 08:12:51.558870,1,ValidationError,MEDIUM,web
2025-07-30 08:27:51.558870,4,ValidationError,MEDIUM,api
2025-07-30 08:42:51.558870,3,AuthError,LOW,auth
2025-07-30 08:57:51.558870,4,ConnectionError,LOW,database
2025-07-30 09:12:51.558870,1,ConnectionError,MEDIUM,web
2025-07-30 09:27:51.558870,1,AuthError,LOW,auth
2025-07-30 09:42:51.558870,2,AuthError,LOW,web
2025-07-30 09:57:51.558870,5,ValidationError,MEDIUM,web
2025-07-30 10:12:51.558870,1,TimeoutError,CRITICAL,cache
2025-07-30 10:27:51.558870,3,AuthError,LOW,auth
2025-07-30 10:42:51.558870,1,ConnectionError,LOW,database
2025-07-30 10:57:51.558870,2,ValidationError,LOW,web
2025-07-30 11:12:51.558870,5,ValidationError,CRITICAL,api
2025-07-30 11:27:51.558870,2,AuthError,LOW,auth
2025-07-30 11:42:51.558870,6,ConnectionError,MEDIUM,api
2025-07-30 11:57:51.558870,2,ConnectionError,LOW,cache
2025-07-30 12:12:51.558870,1,AuthError,LOW,cache
2025-07-30 12:27:51.558870,1,ValidationError,LOW,database
2025-07-30 12:42:51.558870,6,ConnectionError,LOW,database
2025-07-30 12:57:51.558870,2,AuthError,CRITICAL,cache
2025-07-30 13:12:51.558870,2,ConnectionError,LOW,database
2025-07-30 13:27:51.558870,5,ValidationError,MEDIUM,web
2025-07-30 13:42:51.558870,1,AuthError,CRITICAL,web
2025-07-30 13:57:51.558870,3,AuthError,LOW,database
2025-07-30 14:12:51.558870,3,AuthError,LOW,database
2025-07-30 14:27:51.558870,1,ConnectionError,HIGH,auth
2025-07-30 14:42:51.558870,3,ValidationError,MEDIUM,auth
2025-07-30 14:57:51.558870,3,ConnectionError,LOW,web
2025-07-30 15:12:51.558870,1,ConnectionError,HIGH,database
2025-07-30 15:27:51.558870,2,ValidationError,LOW,database
2025-07-30 15:42:51.558870,3,TimeoutError,MEDIUM,cache
2025-07-30 15:57:51.558870,5,AuthError,HIGH,api
2025-07-30 16:12:51.558870,3,AuthError,LOW,web
2025-07-30 16:27:51.558870,2,AuthError,LOW,database
2025-07-30 16:42:51.558870,0,ValidationError,HIGH,api
2025-07-30 16:57:51.558870,0,TimeoutError,HIGH,database
2025-07-30 17:12:51.558870,2,AuthError,MEDIUM,web
2025-07-30 17:27:51.558870,1,ConnectionError,MEDIUM,cache
2025-07-30 17:42:51.558870,7,ConnectionError,MEDIUM,api
2025-07-30 17:57:51.558870,2,TimeoutError,LOW,web
2025-07-30 18:12:51.558870,0,ConnectionError,HIGH,web
2025-07-30 18:27:51.558870,5,AuthError,LOW,web
2025-07-30 18:42:51.558870,0,TimeoutError,MEDIUM,api
2025-07-30 18:57:51.558870,0,ConnectionError,HIGH,cache
2025-07-30 19:12:51.558870,1,ConnectionError,LOW,auth
2025-07-30 19:27:51.558870,5,ConnectionError,HIGH,database
2025-07-30 19:42:51.558870,2,ValidationError,LOW,api
2025-07-30 19:57:51.558870,1,TimeoutError,MEDIUM,auth
2025-07-30 20:12:51.558870,1,ValidationError,MEDIUM,cache
2025-07-30 20:27:51.558870,2,TimeoutError,LOW,web
2025-07-30 20:42:51.558870,1,ConnectionError,MEDIUM,cache
2025-07-30 20:57:51.558870,1,ValidationError,HIGH,web
2025-07-30 21:12:51.558870,0,ValidationError,LOW,cache
2025-07-30 21:27:51.558870,1,AuthError,LOW,cache
2025-07-30 21:42:51.558870,3,TimeoutError,LOW,web
2025-07-30 21:57:51.558870,1,ConnectionError,LOW,auth
2025-07-30 22:12:51.558870,2,AuthError,LOW,web
2025-07-30 22:27:51.558870,4,ConnectionError,LOW,web
2025-07-30 22:42:51.558870,0,ConnectionError,MEDIUM,web
2025-07-30 22:57:51.558870,1,AuthError,HIGH,auth
2025-07-30 23:12:51.558870,0,AuthError,LOW,auth
2025-07-30 23:27:51.558870,1,AuthError,CRITICAL,database
2025-07-30 23:42:51.558870,1,TimeoutError,HIGH,cache
2025-07-30 23:57:51.558870,0,ValidationError,CRITICAL,auth
2025-07-31 00:12:51.558870,2,ConnectionError,HIGH,auth
2025-07-31 00:27:51.558870,2,ValidationError,MEDIUM,api
2025-07-31 00:42:51.558870,1,ConnectionError,HIGH,database
2025-07-31 00:57:51.558870,1,ConnectionError,HIGH,database
2025-07-31 01:12:51.558870,3,TimeoutError,LOW,cache
2025-07-31 01:27:51.558870,1,AuthError,LOW,web
2025-07-31 01:42:51.558870,1,TimeoutError,MEDIUM,auth
2025-07-31 01:57:51.558870,2,ConnectionError,LOW,database
2025-07-31 02:12:51.558870,2,AuthError,MEDIUM,web
2025-07-31 02:27:51.558870,1,ValidationError,LOW,cache
2025-07-31 02:42:51.558870,2,TimeoutError,MEDIUM,api
2025-07-31 02:57:51.558870,1,AuthError,CRITICAL,api
2025-07-31 03:12:51.558870,1,AuthError,LOW,api
2025-07-31 03:27:51.558870,4,ConnectionError,HIGH,api
2025-07-31 03:42:51.558870,2,ValidationError,LOW,api
2025-07-31 03:57:51.558870,0,AuthError,MEDIUM,cache
2025-07-31 04:12:51.558870,2,TimeoutError,LOW,auth
2025-07-31 04:27:51.558870,2,ConnectionError,LOW,web
2025-07-31 04:42:51.558870,1,TimeoutError,MEDIUM,web
2025-07-31 04:57:51.558870,3,ValidationError,CRITICAL,database
2025-07-31 05:12:51.558870,3,ConnectionError,MEDIUM,database
2025-07-31 05:27:51.558870,1,ValidationError,LOW,cache
2025-07-31 05:42:51.558870,3,AuthError,LOW,cache
2025-07-31 05:57:51.558870,4,TimeoutError,HIGH,database
2025-07-31 06:12:51.558870,3,AuthError,MEDIUM,cache
2025-07-31 06:27:51.558870,2,ConnectionError,LOW,web
2025-07-31 06:42:51.558870,7,AuthError,CRITICAL,web
2025-07-31 06:57:51.558870,3,ConnectionError,MEDIUM,cache
2025-07-31 07:12:51.558870,1,ValidationError,MEDIUM,database
2025-07-31 07:27:51.558870,1,TimeoutError,MEDIUM,api
2025-07-31 07:42:51.558870,1,ValidationError,HIGH,database
2025-07-31 07:57:51.558870,2,ConnectionError,LOW,cache
2025-07-31 08:12:51.558870,4,ConnectionError,MEDIUM,api
2025-07-31 08:27:51.558870,2,ValidationError,MEDIUM,web
2025-07-31 08:42:51.558870,5,TimeoutError,LOW,api
2025-07-31 08:57:51.558870,0,ValidationError,CRITICAL,cache
2025-07-31 09:12:51.558870,1,AuthError,MEDIUM,web
2025-07-31 09:27:51.558870,5,ValidationError,MEDIUM,database
2025-07-31 09:42:51.558870,1,AuthError,LOW,api
2025-07-31 09:57:51.558870,4,ConnectionError,LOW,api
2025-07-31 10:12:51.558870,4,AuthError,MEDIUM,cache
2025-07-31 10:27:51.558870,2,ValidationError,HIGH,database
2025-07-31 10:42:51.558870,5,ConnectionError,MEDIUM,web
2025-07-31 10:57:51.558870,1,TimeoutError,MEDIUM,auth
2025-07-31 11:12:51.558870,1,AuthError,LOW,database
2025-07-31 11:27:51.558870,3,AuthError,MEDIUM,database
2025-07-31 11:42:51.558870,2,ConnectionError,HIGH,api
2025-07-31 11:57:51.558870,1,AuthError,LOW,database
2025-07-31 12:12:51.558870,1,AuthError,LOW,database
2025-07-31 12:27:51.558870,1,AuthError,HIGH,api
2025-07-31 12:42:51.558870,2,TimeoutError,LOW,web
2025-07-31 12:57:51.558870,3,AuthError,LOW,auth
2025-07-31 13:12:51.558870,3,ValidationError,LOW,web
2025-07-31 13:27:51.558870,0,AuthError,HIGH,cache
2025-07-31 13:42:51.558870,2,ValidationError,LOW,auth
2025-07-31 13:57:51.558870,1,ValidationError,HIGH,cache
2025-07-31 14:12:51.558870,1,AuthError,LOW,auth
